g Editable_Poly
v 1933.9093 6.2775631 6.03160477
v 1764.05164 3.90454292 -9.09785461
v 1932.74048 3.38142061 -2.51334405
v 1765.22522 5.13865995 -0.246202439
v 1762.08789 6.0112381 -17.9719448
v 1930.79236 3.58980751 -11.5198841
v 1759.59692 10.9785213 -25.6898575
v 1928.32568 6.99962425 -19.9975109
v 1756.83459 18.2465591 -31.3137512
v 1925.59375 13.0037661 -26.894783
v 1934.08777 12.142602 12.9069757
v 1765.39575 9.38602066 7.64661932
v 1933.15979 19.9973278 17.5143356
v 1764.45093 16.3120518 13.4825449
v 1931.14978 29.0828876 19.1323147
v 1762.4104 24.7953224 16.7537422
v 1928.23547 38.0844803 17.6949482
v 1759.45923 33.9421463 17.0112953
v 1924.77588 45.9968376 13.3381634
v 1755.95752 42.5225372 14.2029648
v 1921.27771 51.86026 6.47724771
v 1752.42065 49.488987 8.75909424
v 1918.31091 54.8846474 -1.87722445
v 1749.42603 54.1534996 1.11553013
v 1916.36401 54.9732819 -10.9714441
v 1747.46204 55.8165436 -7.57051945
v 1915.69653 51.8916092 -19.4352245
v 1746.79333 54.5958786 -16.5447254
v 1916.2876 46.2880211 -26.5369225
v 1747.39612 50.4043961 -24.4461079
v 1917.88928 38.5798721 -31.1143532
v 1749.02368 43.9194679 -30.5831089
v 1920.16528 29.8163452 -32.8581085
v 1751.33203 35.7227707 -33.8997955
v 1922.81018 20.941967 -31.3188648
v 1754.01355 26.8223209 -34.226963
v 1925.59375 13.0037661 -26.894783
v 1756.83459 18.2465591 -31.3137512
v 1583.50208 32.2972832 -35.7261009
v 1586.35754 23.3616161 -34.5999908
v 1759.59692 10.9785213 -25.6898575
v 1589.15125 15.1722069 -30.392807
v 1580.78662 40.8798027 -33.7823906
v 1578.4447 48.1074944 -28.7694302
v 1576.79639 53.2435188 -21.6113892
v 1576.18225 55.6317635 -12.9313402
v 1576.85608 55.2004242 -4.08830023
v 1578.83582 51.7489967 4.14413738
v 1581.86121 45.8422165 10.5162878
v 1585.4342 37.9144249 14.5438328
v 1588.97449 29.0031605 15.5701313
v 1591.96228 20.1591301 13.6373959
v 1594.03064 12.4048195 8.93564987
v 1594.99329 6.907691 1.92696357
v 1594.82764 4.21720266 -6.48355293
v 1593.64722 4.90894222 -15.4453859
v 1591.66663 8.70101738 -23.7291355
v 1589.15125 15.1722069 -30.392807
v 1421.34314 6.30851173 -21.0229263
v 1422.52722 3.87766171 -12.4721375
v 1247.06506 8.18916607 -25.6686897
v 1248.24768 3.98458099 -17.7461262
v 1245.07947 15.0275688 -31.8386211
v 1419.34998 11.7750111 -28.4604759
v 1242.54822 23.6265869 -35.5828857
v 1416.8186 19.4250259 -33.7759476
v 1422.68994 4.69295645 -3.71868944
v 1248.40454 3.06141186 -9.16635418
v 1421.71448 8.76508236 4.05315208
v 1247.42834 5.36261749 -0.812888145
v 1419.62634 15.3183661 10.0778522
v 1245.33655 10.6110706 6.24986362
v 1416.61316 23.6077557 13.6506281
v 1242.3252 17.9510765 11.2859049
v 1413.04565 32.5261688 14.3086786
v 1238.7594 26.4900646 13.7519026
v 1409.44641 40.9723129 12.0780535
v 1235.16663 35.254631 13.1825514
v 1406.40247 48.1067543 6.95794153
v 1232.1272 43.1385612 9.79280472
v 1404.4082 52.9723663 -0.210358694
v 1230.13977 49.4523354 3.68804073
v 1403.73413 55.2819176 -8.86431885
v 1229.46228 53.3617706 -4.12855959
v 1404.35229 54.6153412 -17.6715088
v 1230.08826 54.5947914 -12.9943895
v 1406.02026 51.1590729 -25.8433247
v 1231.74451 52.8608894 -21.5275135
v 1408.37817 45.1352997 -32.0499268
v 1234.11475 48.3235016 -28.9485321
v 1411.12415 37.2159081 -35.7712975
v 1236.8512 41.372982 -34.0348244
v 1414.00098 28.2953815 -36.2990761
v 1239.7384 32.7904739 -36.3858147
v 1416.8186 19.4250259 -33.7759476
v 1242.54822 23.6265869 -35.5828857
v 1063.71899 36.6528816 -34.737278
v 1066.49402 27.5306149 -35.7816887
v 886.397949 39.7156143 -31.6246357
v 889.018066 31.023159 -34.4320335
v 1068.97009 18.36619 -33.8133545
v 891.388428 21.6557503 -34.3041916
v 883.677002 46.6052513 -26.1497879
v 1060.89795 44.5421944 -30.8211002
v 881.121338 50.8482513 -18.7525082
v 1058.1842 50.2493401 -24.3407536
v 878.879028 52.0140076 -10.1967535
v 1055.87585 53.160511 -16.3048649
v 877.333862 50.1137733 -1.71202946
v 1054.22705 53.0452957 -7.48405027
v 876.731689 45.4563522 5.85653019
v 1053.62769 50.0745506 0.778051794
v 877.364624 38.670826 11.3654566
v 1054.28259 44.5612755 7.71909809
v 879.211304 30.4623508 14.3312397
v 1056.23755 37.226757 12.2197685
v 882.04895 21.8278618 14.1882877
v 1059.2179 28.7263794 14.003849
v 885.403809 13.6087399 11.2005806
v 1062.74731 20.1172543 12.669796
v 888.743042 6.77966785 5.63125801
v 1066.24646 12.2552004 8.63022518
v 891.564697 2.10404587 -1.73463285
v 1069.21045 6.10531998 2.28817248
v 893.536499 0.191742897 -10.056447
v 1071.2644 2.49368 -5.58984327
v 894.459717 1.46067762 -18.4313259
v 1072.23206 1.91330719 -14.0689669
v 894.328735 5.84093285 -25.7687073
v 1072.07715 4.66319513 -22.2716312
v 893.230713 12.8703299 -31.3167343
v 1070.92322 10.3777132 -29.0793381
v 891.388428 21.6557503 -34.3041916
v 1068.97009 18.36619 -33.8133545
v 714.531616 14.9790764 -32.149128
v 715.487305 6.97073269 -28.2073917
v 536.128784 15.1462927 -31.502121
v 536.88562 6.60237789 -29.227747
v 534.807007 24.245676 -30.8626938
v 712.876221 24.1501026 -33.3635902
v 533.07666 32.7109108 -27.4145088
v 710.771118 33.301693 -31.6261902
v 715.589722 1.13910103 -21.9241066
v 536.921875 -0.342926025 -24.3666115
v 714.7229 -1.85217571 -14.1212845
v 536.177734 -4.89396763 -17.431654
v 712.932983 -1.7675724 -5.6647296
v 534.664185 -6.57370186 -9.30197239
v 710.365723 1.267169 2.41297197
v 532.536621 -5.30507755 -0.922097385
v 707.356689 6.8162818 9.16011047
v 530.047607 -1.29271889 6.71212816
v 704.332275 14.2207413 13.8137999
v 527.570923 5.01650047 12.6516762
v 701.794067 22.7248631 15.6573381
v 525.497192 12.9166679 16.2052021
v 700.135986 31.3467751 14.5617905
v 524.169922 21.5769558 16.8362331
v 699.606445 39.169857 10.5066423
v 523.751221 29.9775925 14.5455608
v 700.141113 45.2411003 4.155159
v 524.248535 37.1398163 9.55737209
v 701.595947 48.8286057 -3.82017303
v 525.450684 42.1695061 2.58691144
v 703.593872 49.4066811 -12.3367167
v 527.160034 44.4024849 -5.59944534
v 705.95752 46.7818909 -20.4740238
v 529.097046 43.4704742 -13.9631071
v 708.381714 41.1863747 -27.1477909
v 531.133667 39.4090233 -21.5511761
v 710.771118 33.301693 -31.6261902
v 533.07666 32.7109108 -27.4145088
v 358.052856 33.8578987 -15.027482
v 359.435791 28.6450481 -21.9868832
v 191.890686 31.9424515 -7.76719761
v 192.630539 28.3941822 -15.5552435
v 191.118103 32.5644493 0.550773144
v 356.59436 36.2087936 -6.94170618
v 190.338135 30.1642761 8.35831642
v 355.186646 35.4396591 1.32485747
v 189.664413 25.0846081 14.8329296
v 353.945923 31.6830254 8.7280941
v 189.15239 17.9703445 19.0933895
v 353.055298 25.4714851 14.4858341
v 188.933304 9.69128323 20.7837849
v 352.674194 17.5960426 17.8135529
v 189.043396 1.27865672 19.5423927
v 352.941895 9.01184368 18.3703327
v 189.513519 -6.2780695 15.5997496
v 353.860352 0.771943331 15.9911499
v 190.265274 -12.0479078 9.36228848
v 355.315552 -6.19466305 11.0128527
v 191.188889 -15.4170208 1.60724628
v 357.068726 -11.0862989 4.02665424
v 192.130142 -15.9903688 -6.71642733
v 358.843506 -13.4002409 -4.10138083
v 192.959106 -13.7328768 -14.6282806
v 360.376831 -12.870224 -12.3827362
v 193.566116 -8.91286278 -21.1367092
v 361.481323 -9.50656605 -19.8451099
v 193.901138 -2.01688027 -25.4987526
v 362.049072 -3.67090273 -25.5550537
v 193.939682 6.09644794 -27.1225929
v 362.061768 4.04190254 -28.8677845
v 193.711487 14.5888138 -25.8868599
v 361.561157 12.6898155 -29.341362
v 193.24942 22.317234 -21.8388348
v 360.649536 21.2793922 -26.9727631
v 192.630539 28.3941822 -15.5552435
v 359.435791 28.6450481 -21.9868832
v 25.8444099 17.7040806 -21.0224133
v 26.4954624 9.79508209 -23.9934654
v 25.2811489 24.3951683 -15.546237
v 24.8844223 28.9052353 -8.1378336
v 24.6947994 30.7514477 0.18544139
v 191.890686 31.9424515 -7.76719761
v -151.105209 12.9794779 -19.3756599
v -150.81015 20.1726685 -14.8793411
v -340.938934 12.883029 -13.8308249
v -340.388306 18.9864998 -7.80137205
v -150.310669 25.4944668 -8.04314709
v -339.442352 22.849287 0.0977252349
v -149.691162 28.3843937 0.151431337
v -338.218781 23.9453926 8.89869404
v -340.983276 5.21316004 -17.1974392
v -151.156357 4.89874506 -21.1112194
v -340.481018 -3.04264641 -17.5797176
v -150.92485 -3.20432901 -19.796814
v -339.444305 -10.9373569 -14.9567795
v -150.42868 -10.3023891 -15.7253456
v -337.976959 -17.4968643 -9.71829605
v -149.706772 -15.6073418 -9.34313393
v -336.257294 -21.9243355 -2.48082399
v -148.856857 -18.4582787 -1.4677856
v -334.539825 -23.6610088 5.87447071
v -147.996216 -18.4637432 6.97623253
v -333.094849 -22.458128 14.367094
v -147.268692 -15.6312218 14.9935799
v -332.160095 -18.5037155 22.0197544
v -146.781494 -10.2563534 21.5827789
v -331.849976 -12.2869768 27.9110394
v -146.610336 -3.04772329 26.0776672
v -332.165192 -4.60783482 31.4246788
v -146.731491 5.12977362 27.8034477
v -332.971375 3.61974716 32.0463104
v -147.117493 13.2638636 26.7448254
v -334.124512 11.4182291 29.7408714
v -147.654602 20.3800564 22.8126392
v -335.452789 17.8663483 24.6654453
v -148.313187 25.6426849 16.6109409
v -336.85675 22.2185974 17.4402695
v -148.996857 28.4109383 8.72870159
v -338.218781 23.9453926 8.89869404
v -149.691162 28.3843937 0.151431337
v -527.830139 25.1621284 17.1747265
v -525.90863 21.6756096 25.3753643
v -711.367615 22.13937 24.0123806
v -709.014465 17.0329762 31.4737377
v -523.920166 15.8692398 31.6807442
v -706.654175 10.004323 36.5639191
v -522.049561 8.42839909 35.3728981
v -704.367249 1.87484431 38.5894585
v -520.413635 0.20812346 35.9753456
v -702.443176 -6.38087702 37.5080299
v -519.274963 -7.8151269 33.5824661
v -701.049866 -13.8574905 33.3450928
v -518.827332 -14.7355747 28.4510765
v -700.552612 -19.6605568 26.8892841
v -519.274231 -19.7013168 21.2978096
v -701.098206 -23.1412811 18.716486
v -520.61145 -22.0950642 12.8657656
v -702.748535 -23.8063812 9.96681976
v -522.673767 -21.5622959 4.19957972
v -705.26001 -21.4995193 1.46903181
v -525.120483 -18.1274414 -3.77221894
v -708.238831 -16.4815731 -5.66087914
v -527.563477 -12.230401 -10.0646858
v -711.189514 -9.33358097 -10.7152481
v -529.63678 -4.60421801 -13.9663649
v -713.694519 -0.98554188 -13.0518389
v -531.094666 3.79311728 -14.9902506
v -715.42572 7.54585695 -12.3645792
v -531.790222 11.9506712 -12.9182854
v -716.244507 15.204422 -8.70362377
v -531.709229 18.8616028 -7.9689455
v -716.10791 21.0372944 -2.32282424
v -530.916931 23.7028008 -0.641483366
v -715.127747 24.3156719 5.9164319
v -529.568298 25.8697872 8.09531879
v -713.461731 24.6983013 15.1332169
v -527.830139 25.1621284 17.1747265
v -711.367615 22.13937 24.0123806
v -895.804382 20.0600777 2.48579836
v -894.68866 21.6220303 11.3658237
v -1073.56128 18.0836582 6.16793299
v -1072.38574 17.8005352 15.165163
v -892.844604 20.1152687 20.4804287
v -1070.42688 14.5369806 23.8885193
v -1073.75208 15.2483158 -2.09168077
v -895.969299 15.6369734 -4.92963696
v -1072.83545 9.6699543 -8.56759644
v -895.095398 8.86361504 -10.138649
v -1070.84595 2.06581998 -12.5993824
v -893.186157 0.614836752 -12.5148067
v -1067.94958 -6.58699369 -13.8058844
v -890.435669 -8.08152866 -11.9023113
v -1064.51526 -15.229332 -12.0171852
v -887.163208 -16.1243553 -8.44248199
v -1061.03796 -22.7532234 -7.54909611
v -883.863525 -22.5542049 -2.42990589
v -1058.08911 -28.3127155 -0.707752645
v -881.063416 -26.5428638 5.32425022
v -1056.14539 -31.22575 7.56040621
v -879.230835 -27.6881466 14.1228418
v -1055.47681 -31.2411385 16.4969254
v -878.589844 -25.9202518 22.7583065
v -1056.03943 -28.4320831 24.8506699
v -879.155762 -21.4898262 30.4379883
v -1057.62537 -23.1010799 31.8150368
v -880.641174 -14.9800644 35.9945908
v -1059.85596 -15.8823776 36.2699661
v -882.803589 -7.04725075 38.9360809
v -1062.48682 -7.51401615 37.8026733
v -885.274597 1.36543775 38.5752983
v -1065.23682 1.010373 35.9730644
v -887.92334 9.30750179 35.0781784
v -1067.96802 8.65915012 31.1352329
v -890.493408 15.8391247 28.7714806
v -1070.42688 14.5369806 23.8885193
v -892.844604 20.1152687 20.4804287
v -713.461731 24.6983013 15.1332169
v -1246.54785 9.26755238 25.2762718
v -1244.02136 2.12528014 31.2157269
v -1241.24646 -6.37092113 34.4214172
v -1418.30017 -3.27867675 29.4281216
v -1415.50061 -12.1991787 30.7886543
v -1238.4176 -15.1135302 34.3670235
v -1412.66833 -20.8222027 28.9936428
v -1235.7561 -23.0770168 31.1972198
v -1409.98389 -28.0689487 24.1123886
v -1233.46033 -29.3556633 25.1758919
v -1407.69214 -33.135273 16.9677906
v -1231.86499 -33.2492256 17.3116455
v -1406.08557 -35.4845963 8.32091618
v -1231.28296 -34.3764229 8.40999222
v -1405.51477 -34.876442 -0.615847111
v -1231.9812 -32.5733032 -0.275771588
v -1406.22046 -31.3413887 -8.85121918
v -1233.97034 -27.978014 -7.86802101
v -1408.22595 -25.3097439 -15.307889
v -1236.98804 -21.1346149 -13.3317471
v -1411.26465 -17.3725014 -19.3416901
v -1240.54138 -12.7550306 -16.2439556
v -1414.83716 -8.56064415 -20.4078732
v -1244.05261 -3.91547894 -16.1512432
v -1418.36316 0.166773975 -18.5865021
v -1247.0011 4.35311031 -13.2327585
v -1421.32666 7.69331455 -13.9560547
v -1249.03394 10.9997473 -7.68608427
v -1423.36011 13.0740433 -7.16675091
v -1249.95789 15.1470928 -0.151864275
v -1424.28552 15.6323071 1.14204049
v -1249.75928 16.2583313 8.53913307
v -1424.078 14.98388 9.93784428
v -1248.54797 14.2212276 17.3848228
v -1422.85583 11.2373314 18.248518
v -1246.54785 9.26755238 25.2762718
v -1420.83801 4.89907455 25.0213623
v -1244.02136 2.12528014 31.2157269
v -1418.30017 -3.27867675 29.4281216
v -1596.42651 14.4314899 10.8351107
v -1595.20398 9.15873241 18.2474327
v -1766.88062 14.5435266 11.6569901
v -1765.66248 7.97107077 18.0156384
v -1935.62097 15.1217098 13.0301189
v -1934.41321 7.45304823 17.8910847
v -1763.65723 -0.371546656 21.8102398
v -1932.41992 -1.40026343 20.090395
v -1761.13367 -9.46754551 22.7136765
v -1929.91223 -10.3991404 19.0790253
v -1758.35498 -18.1690006 20.3900452
v -1927.14856 -18.484993 15.113534
v -1935.82874 20.6100101 5.82690477
v -1767.09119 18.5899887 3.70851898
v -1934.92053 23.3415966 -2.58306742
v -1766.1792 19.5151062 -5.1271224
v -1932.91553 22.8455448 -11.5209341
v -1764.16577 17.2961826 -13.595871
v -1929.99719 19.2511826 -19.6819305
v -1761.2301 12.1523046 -20.9269199
v -1926.52136 12.9940386 -26.2943363
v -1757.7334 4.74584007 -26.0889893
v -1590.65222 -7.14059687 26.3273392
v -1593.18823 1.64853632 23.6859245
v -1590.74219 5.60629368 -20.3372192
v -1587.22583 -2.59578395 -23.9758701
v -1754.18982 -3.96041751 -28.5854187
v -1922.99622 4.79719687 -30.4685745
v -1920 -4.23876762 -31.6631985
v -1751.1709 -13.0246563 -28.0268097
v -1918.01367 -13.1397953 -29.7947254
v -1749.17554 -21.2286072 -24.3955898
v -1917.30835 -20.6949139 -24.8661423
v -1748.46497 -27.7220669 -18.1759338
v -1917.86389 -26.1154022 -17.6698608
v -1749.02332 -31.6289978 -10.0212927
v -1919.4386 -28.675209 -8.9360857
v -1750.60706 -32.598999 -1.01196992
v -1921.70044 -28.1882935 0.155670449
v -1752.87976 -30.4471264 7.75442076
v -1924.3468 -24.6274948 8.49792671
v -1755.53943 -25.4744034 15.2351484
v -1927.14856 -18.484993 15.113534
v -1758.35498 -18.1690006 20.3900452
v -1585.03076 -24.2737789 22.2769489
v -1587.86145 -16.1722279 25.9015064
v -1761.13367 -9.46754551 22.7136765
v -1590.65222 -7.14059687 26.3273392
v -1582.35913 -30.5304508 16.0515327
v -1580.07178 -34.1921768 7.88577509
v -1578.47827 -34.91325 -1.08104765
v -1577.9126 -32.5800591 -9.79987717
v -2094.47241 -17.4983559 10.4562149
v -2091.68311 -22.3193493 2.76038742
v -2260.58765 -15.8777313 6.8157196
v -2257.80811 -19.1016655 -1.75020385
v -2089.04639 -24.2327995 -6.1882534
v -2255.1792 -19.3735714 -10.9465265
v -2086.79248 -23.106266 -15.2777653
v -2252.92627 -16.56073 -19.6274776
v -2085.22046 -18.9523869 -23.3126621
v -2251.35449 -11.0371428 -26.8274632
v -2084.66406 -12.3153296 -29.4518585
v -2250.79053 -3.33645391 -31.4244671
v -2085.36328 -3.87367249 -32.6834984
v -2251.47754 5.57000351 -33.1396599
v -2087.33203 5.24889517 -32.9121399
v -2253.43481 14.665 -31.4341602
v -2090.31445 14.0359097 -29.8851089
v -2256.39551 22.7506199 -26.8850994
v -2093.81616 21.2974968 -24.2001095
v -2259.88379 28.884285 -19.8337917
v -2097.27539 26.2163448 -16.4983063
v -2263.32837 32.2176971 -11.2618828
v -2100.18237 28.1311951 -7.63599348
v -2266.22607 32.362339 -2.25275278
v -2102.17969 26.7950497 1.13908637
v -2268.22363 29.3339005 6.3175478
v -2103.08911 22.4809055 9.09328651
v -2269.13647 23.4806385 13.1363878
v -2102.88867 15.6403284 14.961359
v -2268.94556 15.6647606 17.8175621
v -2101.69141 7.2319026 18.4258308
v -2267.76343 6.74333334 19.4194431
v -2099.71436 -1.81774926 18.725769
v -2265.80029 -2.14437246 18.0920639
v -2097.22144 -10.4068184 16.0470009
v -2263.323 -9.98334312 13.6542654
v -2094.47241 -17.4983559 10.4562149
v -2260.58765 -15.8777313 6.8157196
v -2434.06665 14.5488853 20.9707355
v -2432.89868 5.51944923 21.01791
v -2598.52808 11.9455557 24.3575211
v -2597.37598 3.07405853 22.4472904
v -2430.9519 -2.91387963 17.8186111
v -2595.44067 -4.57393742 17.7777748
v -2428.48828 -9.73852348 12.0084448
v -2592.98438 -10.1172371 10.6017103
v -2425.76318 -14.1590729 4.04911327
v -2590.27148 -12.9550915 1.93545234
v -2598.68921 20.9352398 22.947073
v -2434.24463 23.1596699 18.0774422
v -2597.75732 29.0067387 18.7709751
v -2433.32202 30.2076187 12.2532911
v -2595.75146 35.0798531 11.8981781
v -2431.32495 34.8806305 4.55260992
v -2592.85742 38.4095955 3.41737199
v -2428.4292 36.4962044 -4.46344662
v -2589.42163 38.5484352 -5.84591484
v -2424.99292 34.8418427 -13.5322924
v -2585.94824 35.4714355 -14.7456083
v -2421.51953 30.1602345 -21.5791492
v -2583.00757 29.6174316 -22.0287666
v -2418.56958 23.021616 -27.7453041
v -2581.07812 21.7444553 -27.0620785
v -2416.62988 14.3812675 -30.9747677
v -2580.4231 12.830739 -28.8485737
v -2415.95728 5.28633118 -31.2055283
v -2581.02539 3.97287798 -27.5336056
v -2416.53174 -3.13081455 -28.0150299
v -2582.62256 -3.79095364 -22.9650536
v -2418.11572 -9.91225338 -22.1358891
v -2584.88965 -9.59238148 -15.9755936
v -2420.36792 -14.2492771 -14.0816288
v -2587.50781 -12.7463112 -7.30249786
v -2422.99487 -15.7427959 -4.99631977
v -2590.27148 -12.9550915 1.93545234
v -2425.76318 -14.1590729 4.04911327
v -2754.36011 -12.5784388 -0.145367384
v -2751.61719 -10.6086235 -9.22213745
v -2748.99536 -5.79210997 -17.1159439
v -2915.54175 -9.46040535 -11.4721508
v -2912.95728 -3.07185483 -18.3560181
v -2746.72046 1.2729125 -22.9076958
v -2910.62793 5.13271332 -22.5655212
v -2745.07104 9.78712749 -25.7237911
v -2908.90088 14.1908188 -23.6818256
v -2744.43213 18.7841606 -25.4120941
v -2908.15649 22.9905109 -21.3424168
v -2745.05835 27.1616898 -21.6952591
v -2908.75562 30.5781479 -16.0717316
v -2746.98779 33.9616661 -15.3730736
v -2910.71484 35.9611053 -8.2194128
v -2749.94604 38.2798004 -6.89965105
v -2913.73779 38.5283966 0.963066101
v -2753.4375 39.5622559 2.40356731
v -2917.30151 37.8816452 10.5510979
v -2756.8877 37.6199188 11.5155926
v -2920.80518 34.0955162 19.2202587
v -2759.7937 32.6796417 19.3290977
v -2923.72363 27.6313496 25.9017563
v -2761.80249 25.3639622 24.7686462
v -2925.7439 19.2827892 29.9328423
v -2762.75146 16.6237793 27.5064964
v -2926.70361 10.0860348 30.6521587
v -2762.60718 7.50908995 26.911499
v -2926.58765 1.18776155 28.3218155
v -2761.47021 -0.833834469 23.4281387
v -2925.45825 -6.34037924 22.9622955
v -2759.53418 -7.4243536 17.1503067
v -2923.49805 -11.622262 15.465868
v -2757.07593 -11.4986725 9.03262043
v -2920.98828 -14.0156374 6.48983145
v -2754.36011 -12.5784388 -0.145367384
v -2918.27002 -13.274888 -2.83554888
v -2751.61719 -10.6086235 -9.22213745
v -2915.54175 -9.46040535 -11.4721508
v -3090.74561 -7.0442872 27.6722202
v -3089.63574 -13.4893723 20.6630535
v -3255.37109 -17.3191319 24.8956966
v -3254.33325 -22.3614998 15.8280039
v -3087.57104 -17.1982479 11.8650522
v -3252.0166 -24.2928696 5.87750673
v -3084.91943 -17.7658825 2.35519528
v -3248.91187 -22.7697411 -4.11033964
v -3082.1377 -15.0207434 -6.94879341
v -3246.0127 -17.8184166 -13.2312393
v -3079.5105 -9.30045795 -14.9076223
v -3243.61597 -9.90912437 -20.4038544
v -3255.32324 -9.53089046 31.8056488
v -3090.82007 1.38388681 32.2308388
v -3254.34375 0.145454481 35.755127
v -3089.84033 10.8435278 33.4993057
v -3252.40381 10.5201416 35.9096794
v -3087.8374 20.1479492 31.4371624
v -3249.46338 20.2224579 32.1424713
v -3084.88696 28.1384411 26.02882
v -3245.53882 28.1304607 24.9438896
v -3081.26025 33.8492241 18.0376492
v -3241.36743 33.3259277 15.3527851
v -3077.50952 36.5988159 8.4839325
v -3237.79053 35.1128082 4.66359997
v -3074.31372 36.0736351 -1.52504897
v -3235.39331 33.3831635 -5.97263765
v -3072.23584 32.3173523 -10.5733566
v -3234.89282 28.3236561 -15.116765
v -3071.6936 25.9003506 -17.7787209
v -3236.37158 20.5099087 -21.7819557
v -3072.63574 17.4566612 -22.0182762
v -3238.82397 10.6374121 -24.9979744
v -3074.60034 8.04671669 -23.0019875
v -3241.39087 0.0216930956 -24.5519276
v -3076.98389 -1.27623332 -20.4871387
v -3243.61597 -9.90912437 -20.4038544
v -3079.5105 -9.30045795 -14.9076223
v -3407.9187 -11.1552591 -28.9708538
v -3409.53882 -21.7392521 -22.3867912
v -3246.0127 -17.8184166 -13.2312393
v -3406.57178 1.38762283 -31.5710773
v -3572.16113 -13.1818819 -41.7646332
v -3573.70752 3.34418464 -42.9288406
v -3403.67871 14.0660706 -29.6258221
v -3569.76831 19.8276939 -37.6938171
v -3399.99243 24.6902714 -23.4973412
v -3563.42603 32.09132 -27.8766689
v -3397.22388 31.7912369 -13.9905834
v -3557.03979 37.99189 -14.5090532
v -3397.74316 35.024395 -2.14699459
v -3558.15625 38.9528885 1.09117615
v -3401.03784 34.4795952 10.3512611
v -3564.073 35.7777405 16.4694538
v -3405.27051 29.8338509 22.1635551
v -3568.83472 27.6777 29.7949028
v -3410.3689 21.5995655 31.9251347
v -3575.93628 15.2129946 40.4128799
v -3414.96509 10.8965139 38.4714127
v -3582.33984 0.570092499 46.9393349
v -3417.69141 -1.06182253 40.4332123
v -3583.8457 -14.3561592 47.0298882
v -3419.39038 -12.9213505 37.2170296
v -3584.91284 -28.817585 39.5434418
v -3420.33203 -23.0966644 29.9833164
v -3585.63257 -40.3569298 27.5712738
v -3420.69751 -30.0609055 19.8243427
v -3586.79541 -46.274395 13.0484734
v -3420.07983 -33.3633194 8.24615574
v -3587.97754 -47.015316 -2.5517261
v -3417.12378 -33.1376801 -3.12100887
v -3583.60596 -44.286808 -15.5932903
v -3412.7876 -29.3141346 -13.3589725
v -3575.61353 -38.0364952 -25.4393883
v -3409.53882 -21.7392521 -22.3867912
v -3571.61621 -27.314064 -34.8792534
v -3407.9187 -11.1552591 -28.9708538
v -3572.16113 -13.1818819 -41.7646332
v -3752.80981 -67.4006805 5.5937891
v -3761.3772 -63.6663132 -17.3951511
v -3753.72681 -58.2295227 -32.4484863
v -3734.52759 -50.4702568 -38.7022095
v -3729.22437 -35.5154991 -50.4098892
v -3735.61646 -16.8226948 -60.4747849
v -3750.40234 -63.4749336 25.9156132
v -3750.67627 -47.9988441 44.5828056
v -3750.44727 -28.7494907 59.5393677
v -3754.66016 -10.6630077 60.4200859
v -3742.34229 9.75796223 51.973629
v -3730.37329 28.7246304 39.5013466
v -3728.70532 40.9910965 24.4180584
v -3714.20312 46.2338295 4.60626411
v -3709.82544 48.5666924 -17.3109493
v -3727.31885 45.4289742 -35.5361099
v -3738.59351 29.9817142 -50.0356026
v -3746.53955 5.79139376 -60.5091782
v -3735.61646 -16.8226948 -60.4747849
v 3584.84375 55.5515976 28.2478924
v 3418.21851 38.298233 31.9504337
v 3586.05249 43.3112755 37.8612862
v 3418.83496 48.8271561 25.6392879
v 3415.29102 26.7978573 34.225914
v 3581.7439 30.3207283 42.9312401
v 3411.0022 15.5091143 32.4198074
v 3573.8147 17.471344 42.7503014
v 3407.80298 4.89369583 27.1418743
v 3569.8833 3.44870424 38.9403305
v 3406.25244 -3.83228874 18.8056145
v 3570.50781 -9.58002949 31.3483429
v 3583.7146 63.9518394 14.8497744
v 3418.48755 56.8070946 15.9875908
v 3583.07812 66.7290115 -1.7034564
v 3417.60522 60.8755264 3.83424163
v 3582.13037 64.2251816 -18.0837097
v 3415.99097 60.6619225 -8.70725155
v 3580.72925 55.7850304 -30.3377228
v 3413.34033 55.8859749 -19.7515106
v 3574.39868 42.8234482 -38.0991096
v 3408.81616 47.2658195 -28.089386
v 3567.34619 27.7429848 -42.1471024
v 3403.76807 36.1477394 -33.3355179
v 3562.61328 12.46661 -41.6937637
v 3399.5603 23.8513737 -34.966774
v 3556.71704 -1.70984745 -36.3240662
v 3396.27881 11.6612225 -32.5123367
v 3555.61963 -14.4657469 -27.0471992
v 3395.76392 0.733335495 -26.4044304
v 3561.99609 -23.1176376 -14.0489426
v 3398.51221 -7.27143669 -16.8781109
v 3568.28271 -24.6067715 2.2006731
v 3402.14819 -10.7169685 -4.88218546
v 3572.14331 -19.3776493 18.8585129
v 3404.98462 -9.32708836 7.74549913
v 3570.50781 -9.58002949 31.3483429
v 3406.25244 -3.83228874 18.8056145
v 3733.97485 -18.0359135 49.0379562
v 3745.00073 -33.4499588 34.7192497
v 3239.78662 -2.2939682 -0.568726778
v 3241.94995 0.0528774261 9.62604237
v 3075.37939 2.76839161 -7.03841877
v 3077.85156 2.64340639 2.5250206
v 3073.03906 6.21495485 -16.0245361
v 3237.27368 -0.932312965 -10.977664
v 3071.10742 12.6537647 -23.1632881
v 3234.85815 4.13367319 -20.217001
v 3070.1792 21.303875 -27.6960773
v 3233.40015 12.3410978 -26.8980541
v 3070.72363 31.0441246 -28.895113
v 3233.90259 22.4888649 -30.4574223
v 3072.79224 40.703064 -26.8944855
v 3236.28955 33.2242393 -30.4039707
v 3075.96313 49.0645638 -21.747942
v 3239.84399 43.3325462 -26.9736595
v 3079.677 55.1951942 -14.2920198
v 3243.9729 51.6507568 -20.4977379
v 3083.2522 58.323616 -5.30233002
v 3247.83667 57.187439 -11.7755117
v 3086.14429 58.0628777 4.20416212
v 3250.71069 59.1662865 -1.67840326
v 3088.09912 54.4320412 13.0230017
v 3252.58789 57.3545341 8.75062847
v 3089.0437 47.8938484 20.2562695
v 3253.52563 51.9959183 17.9539089
v 3088.95288 39.2277946 24.711771
v 3253.55469 43.7988815 24.8412189
v 3087.84375 29.5695324 26.1119862
v 3252.51562 33.8411407 28.3689079
v 3085.79102 20.0791988 24.0678444
v 3250.2146 23.4763374 28.3908577
v 3083.16797 11.8729115 19.0511665
v 3247.14038 13.7842102 24.8437099
v 3080.427 5.82898998 11.5657845
v 3244.28638 5.66906166 18.384346
v 3077.85156 2.64340639 2.5250206
v 3241.94995 0.0528774261 9.62604237
v 2923.67603 25.0491066 24.1029282
v 2924.80249 34.4335098 24.8014545
v 2759.69653 20.1892986 21.9300652
v 2760.82153 29.1340752 24.2579212
v 2757.78345 12.6484632 16.6539459
v 2921.73462 16.4640465 20.4401684
v 2755.36304 7.36725235 9.24540234
v 2919.25439 9.69748211 14.0481052
v 2752.69116 5.02311277 0.455606073
v 2916.57886 5.51673365 5.80764246
v 2749.99634 5.83937836 -8.6263113
v 2913.8999 4.44613218 -3.35810351
v 2924.92993 43.4748077 22.1841488
v 2760.97119 38.3537331 23.6601582
v 2923.9978 51.0644379 16.8775673
v 2760.04541 46.7734528 19.8775196
v 2922.02246 56.2752876 9.23793983
v 2758.07178 53.3222923 13.6729422
v 2919.15259 58.4711761 0.409398586
v 2755.21362 57.2474442 5.51732779
v 2915.69678 57.3969383 -8.70099926
v 2751.80981 58.0538712 -3.50181746
v 2912.1731 53.2038651 -17.0293903
v 2748.35669 55.643074 -12.3086691
v 2909.17383 46.3492813 -23.4504967
v 2745.43237 50.3733597 -19.976965
v 2907.22998 37.7327042 -27.375864
v 2743.52271 42.7558098 -25.3038025
v 2906.63403 28.293354 -28.0206127
v 2742.90625 33.8649597 -27.9059582
v 2907.36694 19.284996 -25.5587769
v 2743.54395 24.6263428 -27.1368847
v 2909.07202 11.7391796 -20.0470734
v 2745.17383 16.2807255 -23.3683643
v 2911.36157 6.59175825 -12.3659344
v 2747.41797 9.75391769 -16.8770638
v 2913.8999 4.44613218 -3.35810351
v 2749.99634 5.83937836 -8.6263113
v 2583.33008 12.6613998 -20.9432182
v 2585.91064 7.23729801 -13.5745296
v 2418.82544 15.6638775 -24.5729332
v 2421.42017 8.94909382 -18.4345837
v 2588.62817 4.6247859 -4.88036108
v 2424.14673 4.73862743 -10.3751898
v 2416.58911 24.0800171 -28.1495914
v 2581.09058 20.2614746 -25.9712486
v 2415.00684 33.136364 -28.5045166
v 2579.50073 29.1807327 -28.1790485
v 2414.41602 41.8916931 -25.8111916
v 2578.89404 38.2410851 -27.0329018
v 2415.06128 49.0817261 -20.0956192
v 2579.53076 46.5225563 -22.9577293
v 2416.96826 54.0969543 -12.4093981
v 2581.42944 52.815258 -16.1459656
v 2419.87573 56.0895004 -3.38988042
v 2584.33716 56.5668106 -7.78219795
v 2423.30933 54.9887352 5.58417416
v 2587.76538 57.1665077 1.35547519
v 2426.70459 50.811058 13.5819893
v 2591.15649 54.6098022 10.0022535
v 2429.56519 44.050415 19.6177731
v 2594.01123 49.1874619 17.1402149
v 2431.54297 35.6056328 22.8722076
v 2595.98462 41.5048256 22.0702934
v 2432.45923 26.3857689 23.2403336
v 2596.90332 32.5817108 23.9765606
v 2432.29346 17.6654243 20.3786736
v 2596.74536 23.4048786 22.9871979
v 2431.15356 10.3462257 14.9585428
v 2595.6106 15.1924896 18.8795319
v 2429.24316 5.47201872 7.32829094
v 2593.70923 8.83659458 12.4135208
v 2426.82544 3.49087238 -1.42945921
v 2591.29346 5.19958067 4.13182497
v 2424.14673 4.73862743 -10.3751898
v 2588.62817 4.6247859 -4.88036108
v 2266.04346 6.21920824 9.87066841
v 2267.19287 12.2271843 16.6947308
v 2099.99023 3.06956673 4.01109362
v 2101.15088 7.72924757 11.7250347
v 2098.0542 1.53666973 -4.89246464
v 2264.12402 2.86427259 1.53852391
v 2095.60522 3.10576773 -13.7714987
v 2261.69116 2.72098541 -7.48067188
v 2092.89453 7.65115213 -21.6289234
v 2258.99902 5.63699341 -16.0396557
v 2267.36279 20.3462906 20.9579601
v 2101.32715 14.7358131 17.5431747
v 2266.44312 29.377924 22.4589405
v 2100.4082 23.4500828 20.5270119
v 2264.45801 38.4084015 20.711256
v 2098.41235 32.5749893 20.5649319
v 2261.58228 46.1734238 16.1095257
v 2095.52295 41.1656647 17.457819
v 2258.16943 51.8150253 9.08451366
v 2092.09155 48.0255623 11.6229057
v 2254.72241 54.6535225 0.434305847
v 2088.62207 52.4451523 3.8219769
v 2251.79907 54.2728729 -8.61492062
v 2085.68188 53.9494171 -5.19151402
v 2249.88306 50.9506226 -17.2185402
v 2083.74927 52.1802826 -14.0581264
v 2249.22876 44.8295746 -24.0039043
v 2083.08594 47.6496201 -21.9982262
v 2249.81567 36.915863 -28.4533291
v 2083.66943 40.6192322 -27.7313194
v 2251.39941 27.9168034 -29.7190571
v 2085.25562 32.1597481 -30.8420773
v 2253.64575 19.0652523 -27.9211102
v 2087.51172 23.1082363 -30.6948032
v 2256.25391 11.3343678 -23.1095982
v 2090.13428 14.610281 -27.5495396
v 2258.99902 5.63699341 -16.0396557
v 2092.89453 7.65115213 -21.6289234
v 3750.67676 65.4940643 33.7335815
v 3759.35962 48.8301849 47.5985985
v 3751.85522 33.9933624 56.0855751
v 3732.70117 21.1935787 56.3896904
v 3727.50415 1.53866577 54.4658661
v 3733.97485 -18.0359135 49.0379562
v 3748.36499 75.8889847 16.2430191
v 3748.74219 76.7139359 -8.1237793
v 3748.69702 72.2794495 -31.9612885
v 3753.12305 58.8384285 -45.2447205
v 3740.85254 39.3189926 -51.3637733
v 3728.89087 18.3461456 -54.7665329
v 3727.26758 -0.941421509 -52.5038033
v 3712.78931 -17.1824245 -42.9036865
v 3708.45312 -34.1634636 -30.1303368
v 3726.00073 -45.9337425 -13.1271391
v 3737.19385 -44.7922516 9.59656715
v 712.876221 24.1501026 -33.3635902
v 1245.07947 15.0275688 -31.8386211
v 1591.66663 8.70101738 -23.7291355
v 1419.34998 11.7750111 -28.4604759
v 3407.80298 4.89369583 27.1418743
v 3244.28638 5.66906166 18.384346
v 2752.69116 5.02311277 0.455606073
v 24.7367458 29.6447449 8.41118813
v 24.6947994 30.7514477 0.18544139
v 25.0007877 25.7678661 15.6107264
v 25.4592896 19.5829067 20.8264275
v 26.0588779 11.8478222 23.6436958
v 26.7278461 3.50630021 23.5357857
v 27.3872623 -4.44510031 20.6909389
v 27.9488716 -10.9976959 15.283905
v 28.3496723 -15.4058294 8.04417419
v 28.5364647 -17.109663 -0.204311743
v 28.4927616 -15.9741039 -8.46637058
v 28.2237453 -12.1443758 -15.721283
v 27.7612 -6.0649724 -21.1389027
v 27.1644173 1.50954044 -23.9874821
v -1757.7334 4.74584007 -26.0889893
v -1922.99622 4.79719687 -30.4685745
v -1926.52136 12.9940386 -26.2943363
v -1578.62305 -27.5120754 -17.179678
v -1580.62952 -20.1899662 -22.3299065
v -1583.6604 -11.5862293 -24.6486435
v -1593.18823 1.64853632 23.6859245
v -1420.83801 4.89907455 25.0213623
v -1593.69299 12.0744429 -14.3190975
v -1595.72021 15.9937048 -6.44540882
v -1596.63745 16.7918568 2.22196245
v -148.996857 28.4109383 8.72870159
vt 0.521042168 2.39610314
vt 0.294763416 2.62595701
vt 0.314746588 2.40361595
vt 0.46229434 2.61301303
vt 0.15910928 2.63614655
vt 0.185287356 2.41370773
vt 0.0347245894 2.66186476
vt 0.0687573925 2.43917656
vt -0.0724226236 2.6689496
vt -0.0575451851 2.44619131
vt 0.660582364 2.41637611
vt 0.620809197 2.63564587
vt 0.811297417 2.43430281
vt 0.788506985 2.65565228
vt 0.910658717 2.41791606
vt 0.881697834 2.64039564
vt 1.02030218 2.41205192
vt 0.985421956 2.63447475
vt 1.1119945 2.42818356
vt 1.08929968 2.65076399
vt 1.14920735 2.41523576
vt 1.18282771 2.66681075
vt 1.20131052 2.42908025
vt 1.27541375 2.66907096
vt 1.26133406 2.46212459
vt 1.36846745 2.68853545
vt 1.33996701 2.48573685
vt 1.45993006 2.69462872
vt 1.4312501 2.48235178
vt 1.54144871 2.67133522
vt 1.59068084 2.43359923
vt 1.61834562 2.65623283
vt 1.71810484 2.42315722
vt 1.71189058 2.64568806
vt 1.82763124 2.43776774
vt 1.82383168 2.66044283
vt 1.94245481 2.44619131
vt 1.92757738 2.6689496
vt 1.80058563 2.88549423
vt 1.87469375 2.894099
vt 2.03472447 2.66186476
vt 1.96075642 2.88693237
vt 1.71594191 2.87057137
vt 1.63845491 2.88123608
vt 1.56531036 2.89651203
vt 1.48424113 2.92007565
vt 1.39420545 2.91391087
vt 1.30983317 2.89422154
vt 1.22504222 2.89193439
vt 1.13088167 2.87570477
vt 0.996768951 2.859231
vt 0.862677336 2.89153409
vt 0.739578247 2.87615323
vt 0.603875399 2.86008263
vt 0.469470561 2.84037423
vt 0.314732224 2.85061789
vt 0.111309215 2.86092186
vt -0.0392435789 2.88693237
vt 0.250127584 3.07796907
vt 0.384061992 3.08986139
vt 0.222836152 3.30838013
vt 0.355745316 3.32044172
vt 0.0905797333 3.31896448
vt 0.111629404 3.08840466
vt -0.0133833885 3.34568787
vt 0.000629866903 3.11475039
vt 0.493566364 3.07578826
vt 0.462113768 3.30428553
vt 0.671947598 3.09709191
vt 0.668882906 3.32906532
vt 0.832155764 3.11703253
vt 0.930107355 3.3233788
vt 1.01103187 3.08669209
vt 1.14533079 3.28557444
vt 1.15241015 3.10337663
vt 1.24373543 3.31739211
vt 1.24094951 3.11981726
vt 1.31443524 3.34482098
vt 1.32503116 3.12213445
vt 1.37714529 3.35656929
vt 1.41586363 3.14208031
vt 1.4457401 3.38728118
vt 1.51279914 3.1483264
vt 1.5268321 3.40580797
vt 1.59081042 3.12445283
vt 1.61325073 3.39423442
vt 1.66071784 3.10897946
vt 1.69693017 3.39086938
vt 1.74477232 3.09817791
vt 1.73367393 3.32887673
vt 1.83543837 3.11329269
vt 1.82143795 3.34420943
vt 1.91341603 3.1220088
vt 1.90321946 3.35305166
vt 2.0006299 3.11475039
vt 1.98661661 3.34568787
vt 1.90133286 3.58759642
vt 1.97408867 3.58011603
vt 1.89389169 3.82601452
vt 1.9730221 3.81840611
vt 2.08384323 3.55297232
vt 2.08539772 3.79079938
vt 1.81640029 3.81687856
vt 1.8295933 3.578614
vt 1.74302125 3.80103874
vt 1.74074781 3.56304049
vt 1.68025064 3.81235838
vt 1.67368591 3.57417059
vt 1.59064054 3.86915469
vt 1.63691711 3.63496089
vt 1.50610471 3.88182878
vt 1.56419468 3.64897156
vt 1.42593849 3.86322546
vt 1.46981955 3.62835717
vt 1.34637892 3.83019066
vt 1.37766874 3.59379911
vt 1.24979019 3.81330037
vt 1.27656674 3.57627583
vt 1.14751089 3.78059292
vt 1.19497526 3.54695272
vt 1.02104414 3.74401712
vt 1.0366962 3.50591826
vt 0.841502488 3.79535913
vt 0.836027622 3.55745602
vt 0.671104908 3.79507875
vt 0.691963673 3.5571804
vt 0.508060992 3.7957015
vt 0.502723217 3.5577929
vt 0.351516455 3.7923255
vt 0.365159601 3.55447292
vt 0.223981053 3.7798686
vt 0.234922752 3.54222345
vt 0.0853977129 3.79079938
vt 0.0838432312 3.55297232
vt 0.2220736 4.02168512
vt 0.33518666 4.03436947
vt 0.244395643 4.26804495
vt 0.37033996 4.28097534
vt 0.105667628 4.27939129
vt 0.0979522914 4.03281546
vt 0.00076979748 4.30805111
vt 0.00642690621 4.06092739
vt 0.444053799 4.03780699
vt 0.488277078 4.28447962
vt 0.639868736 4.03717327
vt 0.64215529 4.28383303
vt 0.875746489 4.03745842
vt 0.786751986 4.28412437
vt 1.06055152 3.99459267
vt 0.9570207 4.27752924
vt 1.19137645 4.03214264
vt 1.15755832 4.29567623
vt 1.23350322 4.05618
vt 1.25964177 4.31356525
vt 1.28708613 4.06668854
vt 1.35795033 4.31608677
vt 1.35982859 4.09909487
vt 1.45548022 4.33780336
vt 1.46249342 4.1211834
vt 1.55922329 4.34460592
vt 1.54971552 4.10844231
vt 1.63220131 4.31861162
vt 1.67784679 4.05476856
vt 1.69254041 4.30177164
vt 1.77096641 4.04324198
vt 1.76865447 4.29002047
vt 1.86356223 4.05937195
vt 1.85392118 4.30646515
vt 1.93402255 4.06867552
vt 1.92418635 4.31595087
vt 2.00642681 4.06092739
vt 2.00076985 4.30805111
vt 1.93162835 4.5682106
vt 2.02263689 4.56014729
vt 2.00860095 4.82582617
vt 2.09466267 4.81758738
vt 1.92285371 4.81593323
vt 1.84220564 4.5585289
vt 1.83616602 4.79878616
vt 1.76280797 4.54174471
vt 1.75673044 4.81103945
vt 1.7154336 4.55373812
vt 1.66511858 4.82860088
vt 1.66029716 4.57092667
vt 1.55578232 4.85571384
vt 1.57411253 4.59746122
vt 1.43338621 4.84861755
vt 1.48160183 4.59051657
vt 1.29734552 4.82596779
vt 1.35509622 4.56834936
vt 1.1928165 4.85632563
vt 1.15316427 4.56577587
vt 1.04628193 4.80747509
vt 0.994599819 4.54751682
vt 0.895937383 4.75757885
vt 0.84569037 4.52899647
vt 0.680995822 4.7926383
vt 0.714333117 4.53572702
vt 0.569087505 4.79233456
vt 0.636333227 4.53543091
vt 0.465510905 4.79300928
vt 0.524907053 4.53609037
vt 0.369083703 4.78935528
vt 0.389972568 4.53251362
vt 0.274875194 4.77587509
vt 0.274012655 4.5193181
vt 0.184574008 4.78770351
vt 0.144046813 4.53089666
vt 0.0946626738 4.81758738
vt 0.0226367861 4.56014729
vt 0.281449914 5
vt 0.379399419 5
vt 0.21063076 5
vt 0.142956227 5
vt 0.0553828627 5
vt 0.00860100146 4.82582617
vt 0.369083524 5.21064472
vt 0.274875075 5.22412491
vt 0.389972061 5.46748638
vt 0.274012327 5.48068142
vt 0.184573933 5.21229649
vt 0.144046634 5.46910286
vt 0.094662644 5.18241215
vt 0.0226367936 5.43985271
vt 0.524906456 5.46390963
vt 0.465510696 5.20699072
vt 0.636332631 5.46456909
vt 0.569087267 5.20766497
vt 0.714332223 5.4642725
vt 0.680995584 5.2073617
vt 0.780479431 5.43336773
vt 0.81051296 5.17745209
vt 0.930092156 5.44490719
vt 0.968402207 5.19026661
vt 1.08911395 5.45862722
vt 1.12237537 5.20255518
vt 1.3550967 5.43165112
vt 1.29734564 5.17403221
vt 1.48160219 5.40948343
vt 1.43338645 5.15138245
vt 1.57411289 5.40253878
vt 1.55578244 5.14428616
vt 1.66029739 5.42907333
vt 1.66511869 5.17139912
vt 1.71543384 5.44626188
vt 1.75673056 5.18896055
vt 1.7628082 5.45825529
vt 1.83616614 5.20121384
vt 1.84220576 5.4414711
vt 1.92285371 5.1840663
vt 1.93162847 5.4317894
vt 2.00860095 5.17417383
vt 2.02263689 5.43985271
vt 2.09466267 5.18241215
vt 2.00076985 5.69194841
vt 1.92418647 5.68404865
vt 2.00642705 5.93907261
vt 1.93402278 5.93132401
vt 1.85392141 5.69353485
vt 1.86356246 5.94062805
vt 1.76865482 5.70997953
vt 1.77096689 5.95675755
vt 1.69254088 5.69822788
vt 1.67784739 5.94523144
vt 1.63220179 5.68138838
vt 1.606619 5.92871475
vt 1.55922389 5.65539408
vt 1.52223849 5.90322113
vt 1.45548093 5.66219711
vt 1.41743636 5.90989304
vt 1.35795093 5.68391323
vt 1.34070277 5.93119144
vt 1.25964236 5.68643475
vt 1.28615522 5.93366385
vt 1.1575588 5.70432425
vt 1.24093831 5.95121098
vt 0.957020402 5.72247124
vt 1.10599995 5.96901035
vt 0.78675127 5.71587563
vt 0.875745654 5.96254158
vt 0.642154336 5.7161665
vt 0.639867067 5.96282721
vt 0.488276243 5.71552038
vt 0.4615556 5.96682787
vt 0.424594611 5.71543455
vt 0.353376627 5.95413589
vt 0.244395152 5.73195505
vt 0.222073048 5.97831488
vt 0.105667472 5.72060871
vt 0.0979520977 5.96718407
vt 0.000769834616 5.69194841
vt 0.00642695976 5.93907261
vt 0.33375001 6.19593525
vt 0.223980203 6.2201314
vt 0.312086463 6.4331913
vt 0.234921768 6.45777655
vt 0.0853974819 6.20920086
vt 0.0838429406 6.44702816
vt 0.474581122 6.50214529
vt 0.489073515 6.21573496
vt 0.717913628 6.4947238
vt 0.671103179 6.20492077
vt 0.861978233 6.49444818
vt 0.841501355 6.20464087
vt 1.01017511 6.4487915
vt 1.02988851 6.21099472
vt 1.1912781 6.40304852
vt 1.16037297 6.19351387
vt 1.28146446 6.36096573
vt 1.33965695 6.14308643
vt 1.35837054 6.39643145
vt 1.43387473 6.17024708
vt 1.45634472 6.40576649
vt 1.51986372 6.17543221
vt 1.55020523 6.42860985
vt 1.60007167 6.19385433
vt 1.62287807 6.40988445
vt 1.61172569 6.17142296
vt 1.67368674 6.42582941
vt 1.68025136 6.18764162
vt 1.74074864 6.43695927
vt 1.74302197 6.19896126
vt 1.8295939 6.42138529
vt 1.81640077 6.1831212
vt 1.90133321 6.41240358
vt 1.89389205 6.17398548
vt 1.97408879 6.41988373
vt 1.97302222 6.18159342
vt 2.08384299 6.44702816
vt 2.08539748 6.20920086
vt 2.09795213 5.96718407
vt 2.09057927 6.681036
vt 1.98661673 6.65431213
vt 1.90321994 6.64694834
vt 2.0006299 6.88524961
vt 1.9134165 6.87799072
vt 1.82143867 6.65579081
vt 1.83543909 6.88670683
vt 1.73367488 6.67112303
vt 1.74477339 6.90182209
vt 1.64615309 6.66016579
vt 1.66071916 6.89102077
vt 1.48262703 6.67907095
vt 1.59081185 6.87554741
vt 1.4100281 6.63078499
vt 1.51280081 6.8516736
vt 1.32902122 6.61188889
vt 1.41586506 6.85791969
vt 1.28343678 6.59806395
vt 1.32503247 6.87786579
vt 1.22045588 6.55277252
vt 1.19871104 6.81967115
vt 1.17953897 6.58936882
vt 1.10952485 6.84555197
vt 1.08504832 6.68277264
vt 1.01103175 6.91330814
vt 0.93010658 6.67662144
vt 0.860959709 6.90724373
vt 0.750695169 6.72879744
vt 0.72546643 6.95941496
vt 0.542447031 6.72819376
vt 0.545818508 6.9588213
vt 0.355743378 6.67955828
vt 0.384060025 6.91013861
vt 0.222834989 6.69161987
vt 0.250126153 6.92203093
vt 0.0905793607 6.681036
vt 0.11162886 6.91159534
vt -0.0133832693 6.65431213
vt 0.000629986986 6.88524961
vt 0.493212551 7.18954372
vt 0.31472975 7.14938164
vt 0.432429045 7.36243153
vt 0.29476124 7.37404299
vt 0.464303911 7.58488417
vt 0.314743847 7.59638405
vt 0.159108192 7.36385345
vt 0.185285836 7.58629274
vt 0.0347245038 7.33813524
vt 0.0687569603 7.56082344
vt -0.0724219084 7.33105087
vt -0.0575444698 7.55380869
vt 0.69666189 7.6567111
vt 0.610372663 7.45124722
vt 0.83992523 7.60658836
vt 0.769766033 7.39541817
vt 0.989644766 7.51367903
vt 0.924361169 7.2990303
vt 1.09875333 7.50136614
vt 1.02764082 7.28775072
vt 1.18652642 7.47032261
vt 1.12740612 7.25453997
vt -0.0392431021 7.11306667
vt 0.111308359 7.13907814
vt 0.918491781 7.11032391
vt 1.03941393 7.05002689
vt 1.24045372 7.3468895
vt 1.20735037 7.56722593
vt 1.26078582 7.5743742
vt 1.332026 7.36073971
vt 1.32888627 7.5668149
vt 1.4270463 7.35772991
vt 1.41056979 7.57509184
vt 1.45993197 7.43513155
vt 1.47837412 7.55144691
vt 1.54145062 7.45842552
vt 1.5906831 7.56640053
vt 1.61834753 7.47352743
vt 1.71810687 7.57684326
vt 1.71189237 7.35431194
vt 1.82763278 7.56223202
vt 1.82383287 7.33955765
vt 1.94245553 7.55380869
vt 1.92757809 7.33105087
vt 1.80058658 7.11450577
vt 1.87469459 7.10590124
vt 2.03472447 7.33813524
vt 1.9607569 7.11306667
vt 1.7159431 7.12942839
vt 1.63845623 7.11876392
vt 1.56531191 7.23324823
vt 1.48424292 7.20968485
vt 1.95144629 7.77454615
vt 1.81830943 7.78290033
vt 1.95821857 7.99363422
vt 1.80016029 8.00193214
vt 1.67394042 7.92715216
vt 1.65965235 8.1460886
vt 1.57319808 7.91679525
vt 1.57229519 8.13580036
vt 1.51813126 7.77220345
vt 1.49480462 7.99130678
vt 1.41638041 7.8004756
vt 1.34387946 8.01033211
vt 1.32253933 7.79000187
vt 1.25936246 8.00146198
vt 1.21522498 7.79048443
vt 1.14751649 8.05406284
vt 1.10362041 7.82610846
vt 1.04238427 8.0377636
vt 0.999077737 7.82367706
vt 0.95349282 8.03798866
vt 0.906269252 7.82356071
vt 0.868467212 8.03913689
vt 0.826939583 7.7506175
vt 0.768796206 8.01569462
vt 0.741786957 7.85475111
vt 0.736961424 8.07365322
vt 0.630165815 7.85418081
vt 0.660873055 8.07308674
vt 0.508374095 7.80536747
vt 0.545547307 8.07615757
vt 0.362132341 7.81677532
vt 0.414824754 8.03558922
vt 0.223230869 7.8067646
vt 0.270680338 8.0256424
vt 0.0917093754 7.7815032
vt 0.105371557 8.0005455
vt -0.0485537052 7.77454615
vt -0.0417814255 7.99363422
vt 0.588350594 8.29381561
vt 0.447020501 8.25319386
vt 0.562955141 8.51061821
vt 0.473633409 8.46996212
vt 0.307561517 8.24329472
vt 0.351704836 8.46009159
vt 0.16495125 8.21831894
vt 0.174371719 8.43519592
vt -0.0136181116 8.21144295
vt -0.00446403027 8.42834282
vt 0.663904905 8.50757217
vt 0.693009436 8.29075909
vt 0.754033267 8.50813293
vt 0.764911473 8.29132462
vt 0.839542329 8.50788021
vt 0.827837169 8.29106998
vt 0.923820496 8.51361561
vt 0.90038693 8.29682255
vt 1.00753117 8.49784374
vt 0.97458142 8.28100204
vt 1.08358872 8.48231411
vt 1.0669241 8.26542282
vt 1.1641587 8.42822552
vt 1.19777918 8.21132565
vt 1.2439754 8.4094038
vt 1.31707013 8.19244003
vt 1.32603717 8.40351486
vt 1.40862679 8.18653011
vt 1.42859316 8.42603493
vt 1.48808432 8.20912838
vt 1.54359078 8.44064522
vt 1.56658006 8.22378731
vt 1.67290485 8.45085335
vt 1.64630032 8.23402596
vt 1.83325148 8.43657303
vt 1.77163458 8.21969986
vt 1.99553597 8.42834282
vt 1.98638189 8.21144295
vt 2.10932946 8.64470387
vt 1.90455437 8.65292168
vt 1.70169997 8.66717911
vt 1.85418999 8.86911583
vt 1.73160076 8.92514324
vt 1.52511895 8.65698814
vt 1.5769552 8.89032936
vt 1.41150141 8.64240074
vt 1.46061444 8.85713196
vt 1.32166064 8.61991882
vt 1.32077074 8.83611488
vt 1.23219693 8.62579918
vt 1.22722411 8.84199142
vt 1.15241027 8.64458752
vt 1.19850695 8.81783199
vt 1.07877958 8.64677048
vt 1.06650043 8.86296272
vt 1.00078678 8.66227341
vt 0.987881243 8.87847137
vt 0.924874604 8.67802238
vt 0.915084839 8.89422321
vt 0.846262932 8.67229652
vt 0.834260166 8.88849449
vt 0.750698745 8.6725502
vt 0.773201823 8.96105385
vt 0.650081277 8.67198849
vt 0.697458088 8.95118713
vt 0.5522964 8.67503071
vt 0.618904531 8.94460869
vt 0.440379888 8.68626118
vt 0.504333496 8.94186115
vt 0.338676125 8.67640591
vt 0.359070659 8.89260483
vt 0.251992881 8.65154648
vt 0.24065879 8.86774063
vt 0.109329514 8.64470387
vt 0.0904087275 8.86089802
vt -0.0954456329 8.65292168
vt -0.145810008 8.86911583
vt 0.588980079 9.15901375
vt 0.498028189 9.15918922
vt 0.555679798 9.37363529
vt 0.479352117 9.37564945
vt 0.377858341 9.10906315
vt 0.389726967 9.32614708
vt 0.243403032 9.08415031
vt 0.184108704 9.30114365
vt 0.0477046855 9.0772934
vt -0.0094512701 9.29426384
vt -0.143501639 9.08552742
vt -0.153357029 9.30252552
vt 0.632418156 9.37997341
vt 0.662224829 9.16493416
vt 0.699810803 9.38881779
vt 0.748884797 9.17614174
vt 0.753957152 9.39520931
vt 0.827099144 9.18548965
vt 0.847965181 9.327775
vt 0.899312675 9.11068439
vt 0.934459686 9.31193161
vt 0.977301836 9.09490013
vt 1.02488208 9.29634094
vt 1.06043291 9.07936478
vt 1.11816704 9.2438755
vt 1.15890765 9.030653
vt 1.22284055 9.24133396
vt 1.23273873 9.02329159
vt 1.33634961 9.25332928
vt 1.3350023 9.03352737
vt 1.47219455 9.29772186
vt 1.43510664 9.0721817
vt 1.58287966 9.33010387
vt 1.5436244 9.10416794
vt 1.68499923 9.35665512
vt 1.7011888 9.13946438
vt 1.84664297 9.30252552
vt 1.85649836 9.08552742
vt 1.96189976 9.52048206
vt 2.09058189 9.51217747
vt 1.99054873 9.29426384
vt 1.70016587 9.57980824
vt 1.96275437 9.73976707
vt 1.83244979 9.75428486
vt 1.56346452 9.54772377
vt 1.6787163 9.74390793
vt 1.43508506 9.51246166
vt 1.54420769 9.72906017
vt 1.31091511 9.46980286
vt 1.40073466 9.70619774
vt 1.2232815 9.46193314
vt 1.26235604 9.71217632
vt 1.11007619 9.46322441
vt 1.15322852 9.7312851
vt 1.03813148 9.51426601
vt 1.04603219 9.73350716
vt 0.952285588 9.5299387
vt 0.938943028 9.74928761
vt 0.860243142 9.54586697
vt 0.840135813 9.76533031
vt 0.72027415 9.61077118
vt 0.757954359 9.75949574
vt 0.656646669 9.60321712
vt 0.66158098 9.75975418
vt 0.569009125 9.59188461
vt 0.559049129 9.75918198
vt 0.455458283 9.58104229
vt 0.468565315 9.76228142
vt 0.413668513 9.55420303
vt 0.374102384 9.77372646
vt 0.316775173 9.54422951
vt 0.284022331 9.76368237
vt 0.198816746 9.51909256
vt 0.199747145 9.73836803
vt 0.0905818492 9.51217747
vt 0.0813621357 9.73140526
vt -0.0381002426 9.52048206
vt -0.0372456312 9.73976707
vt 0.42972675 9.98345947
vt 0.321276397 9.99500465
vt 0.239418149 9.98487282
vt 0.176168278 9.95934105
vt 0.0697071254 9.95231819
vt -0.0489305258 9.96075153
vt 0.532565892 9.98033428
vt 0.649405897 9.98090935
vt 0.766070366 9.98064899
vt 0.858012855 9.98653507
vt 0.961372435 9.97035408
vt 1.08044124 9.95443726
vt 1.19425964 9.95219612
vt 1.31219184 9.93292618
vt 1.44232941 9.92689896
vt 1.5603745 9.94995213
vt 1.68336904 9.96492767
vt 1.82956541 9.9753933
vt 1.95106947 9.96075153
vt 0.46856907 0.237719119
vt 0.41367203 0.445796847
vt 0.374106139 0.226273537
vt 0.507243752 0.457160473
vt 0.316778511 0.455770195
vt 0.284025669 0.236317217
vt 0.198819131 0.480906963
vt 0.199749693 0.261631608
vt 0.0905829296 0.487822592
vt 0.0813630223 0.268594325
vt -0.0381016731 0.479518473
vt -0.0372465849 0.260232985
vt 0.559052825 0.240818262
vt 0.621269584 0.460238457
vt 0.661584496 0.240246058
vt 0.709634244 0.459670126
vt 0.75795716 0.240504146
vt 0.773707449 0.459926128
vt 0.840138137 0.234670043
vt 0.860244989 0.454133451
vt 0.93894428 0.250712633
vt 0.952286303 0.470061898
vt 1.04603195 0.266492963
vt 1.03813171 0.485734344
vt 1.15322649 0.268715024
vt 1.15586257 0.487941206
vt 1.26235211 0.287823677
vt 1.26747108 0.506923795
vt 1.40072894 0.293802023
vt 1.35525537 0.512860417
vt 1.54420197 0.270939469
vt 1.4845674 0.49015075
vt 1.6787113 0.256092548
vt 1.61688244 0.475406051
vt 1.83244669 0.245715082
vt 1.75692034 0.465100706
vt 1.96275342 0.260232985
vt 1.96189833 0.479518473
vt 1.95106828 0.0392484665
vt 1.82956243 0.0246068835
vt 1.7070334 0.683133602
vt 1.84664011 0.69747448
vt 1.68904662 0.900183916
vt 1.85649502 0.914472938
vt 1.52790034 0.910398066
vt 1.60201681 0.693384707
vt 1.41571653 0.925013721
vt 1.48762846 0.70805192
vt 1.31079853 0.947532952
vt 1.34651244 0.730646849
vt 1.2081939 0.941644609
vt 1.23252618 0.72473824
vt 1.1364243 0.922823846
vt 1.12954044 0.705854595
vt 1.06043255 0.920636356
vt 1.02488208 0.703659356
vt 0.977302253 0.905099809
vt 0.9344607 0.688068867
vt 0.899313748 0.889315605
vt 0.847966969 0.672225356
vt 0.82790637 0.895057023
vt 0.780868471 0.677986145
vt 0.749136508 0.894803107
vt 0.726347029 0.677731931
vt 0.661757052 0.895365477
vt 0.658379257 0.678297579
vt 0.588337421 0.892316103
vt 0.581440806 0.675236583
vt 0.498085886 0.881056488
vt 0.505928338 0.663934648
vt 0.377862781 0.890937448
vt 0.389731765 0.673852563
vt 0.243407041 0.915850401
vt 0.184111848 0.698856413
vt 0.0477052443 0.922706127
vt -0.00945186615 0.705735683
vt -0.143504977 0.914472938
vt -0.15335989 0.69747448
vt 0.477858335 1.09753466
vt 0.591909826 1.10876977
vt 0.440383971 1.31373858
vt 0.611713409 1.26202667
vt 0.33867988 1.32359409
vt 0.359074563 1.10739446
vt 0.251996279 1.34845352
vt 0.240662262 1.13225996
vt 0.109331235 1.35529578
vt 0.0904104039 1.13910198
vt -0.0954481363 1.34707868
vt -0.14581418 1.13088429
vt 0.670678675 1.11181378
vt 0.706307054 1.28698754
vt 0.747059703 1.11125135
vt 0.804471195 1.30907428
vt 0.834261715 1.11150622
vt 0.89752835 1.33081794
vt 0.915085673 1.10577726
vt 0.975412548 1.34292269
vt 0.987881541 1.1215291
vt 1.04583573 1.37534416
vt 1.06650007 1.13703728
vt 1.11834157 1.40799451
vt 1.14224362 1.1392194
vt 1.18959355 1.42668438
vt 1.22722232 1.15800917
vt 1.23219514 1.37420154
vt 1.32076824 1.16388619
vt 1.32165825 1.38008118
vt 1.40726936 1.14140654
vt 1.41149807 1.35759926
vt 1.52736914 1.12681687
vt 1.5251143 1.34301186
vt 1.68555665 1.11662364
vt 1.70169473 1.33282065
vt 1.85418582 1.13088429
vt 1.90455186 1.34707868
vt 1.67290092 1.54914713
vt 1.83324873 1.56342769
vt 1.64629626 1.76597416
vt 1.77163041 1.78030014
vt 1.99553549 1.57165706
vt 1.98638105 1.78855634
vt 1.56657672 1.77621269
vt 1.54358697 1.55935502
vt 1.48808157 1.79087138
vt 1.42858982 1.57396531
vt 1.40862453 1.81347013
vt 1.32603455 1.59648478
vt 1.31706822 1.80755949
vt 1.24397361 1.5905962
vt 1.19777787 1.788674
vt 1.15236974 1.64014435
vt 1.01565135 1.82893467
vt 1.08067882 1.62134969
vt 0.929180682 1.79298174
vt 1.01006436 1.58911002
vt 0.860447109 1.76087701
vt 0.932047844 1.55491197
vt 0.788463473 1.75016141
vt 0.848640382 1.54154098
vt 0.727208257 1.7357589
vt 0.765380263 1.52205944
vt 0.657023013 1.72013438
vt 0.677436292 1.50233221
vt 0.55573523 1.69361424
vt 0.579759598 1.47665548
vt 0.447024882 1.74680614
vt 0.473637134 1.53003836
vt 0.307565123 1.75670564
vt 0.351709068 1.53990805
vt 0.1649535 1.78168058
vt 0.174374223 1.56480408
vt -0.0136189461 1.78855634
vt -0.0044645071 1.57165706
vt 0.414828241 1.96441078
vt 0.552039087 1.97574639
vt 0.362135828 2.1832242
vt 0.50837785 2.19463205
vt 0.223233223 2.19323444
vt 0.270682991 1.97435713
vt 0.0917101949 2.21849656
vt 0.105372548 1.9994545
vt -0.0485545397 2.22545385
vt -0.0417822599 2.0063653
vt 0.667364001 1.97881675
vt 0.63665688 2.19772315
vt 0.743451595 1.9782505
vt 0.748277128 2.19715261
vt 0.831851423 1.97850525
vt 0.845704675 2.19740915
vt 0.934078038 1.97272635
vt 0.933871388 2.19159222
vt 1.01761198 1.98862255
vt 1.02528954 2.20759296
vt 1.10511327 2.00427866
vt 1.13857496 2.18679953
vt 1.21147788 2.00648284
vt 1.24191952 2.21198487
vt 1.36343467 2.03395677
vt 1.34088004 2.2534976
vt 1.4449122 2.05810547
vt 1.43158591 2.27973247
vt 1.49480188 2.00869298
vt 1.51812899 2.22779608
vt 1.60473228 1.99395895
vt 1.60563576 2.21296501
vt 1.69208944 1.98367059
vt 1.7063781 2.20260739
vt 1.80015755 1.9980675
vt 1.8183074 2.21709967
vt 1.95821774 2.0063653
vt 1.95144546 2.22545385
vt 0.42973116 0.0165405869
vt 0.321280241 0.00499486923
vt 0.239421174 0.0151276588
vt 0.176170617 0.0406593084
vt 0.069707863 0.0476816297
vt -0.0489317179 0.0392484665
vt 0.532570302 0.0196662545
vt 0.649410009 0.0190904737
vt 0.766073465 0.0193509459
vt 0.85801518 0.0134652853
vt 0.961373448 0.0296461582
vt 1.08044028 0.0455632806
vt 1.1942569 0.0478038192
vt 1.31218731 0.0670740008
vt 1.44232416 0.0731018186
vt 1.56036949 0.050047338
vt 1.68336451 0.0350725651
vt 2.09795237 4.03281546
vt 2.09057975 3.31896448
vt 2.11130929 2.86092186
vt 2.11162949 3.08840466
vt 2.09058285 0.487822592
vt 1.99054813 0.705735683
vt 2.10933113 1.35529578
vt 1.9586916 5
vt 2.05538297 5
vt 1.84671438 5
vt 1.71120727 5
vt 1.59092355 5
vt 1.48364794 5
vt 1.35626698 5
vt 1.25604856 5.0494709
vt 1.1429795 5.02646685
vt 1.02939212 5.00335693
vt 0.916869938 4.98046398
vt 0.795068562 4.95568323
vt 0.619774222 5
vt 0.485210896 5
vt 1.12740612 7.25453997
vt 1.20735037 7.56722593
vt 1.18652642 7.47032261
vt 1.39420712 7.08609009
vt 1.30983472 7.10577869
vt 1.22504342 7.10806561
vt 2.11130834 7.13907814
vt 2.11162877 6.91159534
vt 0.817077398 7.20097828
vt 0.674272537 7.19073391
vt 0.545264125 7.23579502
vt 0.00860101171 5.17417383
vn 0.0108020352 0.870570362 -0.491925269
vn 0.00282536331 0.99882859 0.0483060554
vn 0.00839710701 0.988122523 -0.1534383
vn 0.00574484514 0.950544894 -0.310534239
vn -1.67358594E-05 0.920732439 0.390194595
vn 0.00530396309 0.979846835 0.199679554
vn -0.00278732134 0.73709929 0.675778687
vn 0.00164129329 0.854017496 0.520241737
vn -0.00540575851 0.470961094 0.882137418
vn -0.00235634041 0.630733252 0.775996208
vn 0.0121238753 0.644253373 -0.764716089
vn 0.00833826046 0.778059125 -0.628135741
vn 0.0120312618 0.347557485 -0.93758148
vn 0.0101377983 0.512501478 -0.858626544
vn 0.0107716909 0.0123049431 -0.999866247
vn 0.0103932917 0.198128372 -0.980120897
vn 0.0078453403 -0.324578971 -0.945826054
vn 0.00970053859 -0.140213147 -0.990073919
vn 0.00409777137 -0.630887806 -0.77586329
vn 0.00769865466 -0.467676073 -0.88386637
vn 1.68797233E-05 -0.862692952 -0.505728126
vn 0.00505302148 -0.746291041 -0.665600598
vn -0.00398381799 -0.984445989 -0.17564258
vn 0.00198597251 -0.931484163 -0.363776475
vn -0.00739772432 -0.985705018 0.16831775
vn -0.00133559399 -0.999665141 -0.0258403718
vn -0.0100185275 -0.872988164 0.487638384
vn -0.00472495193 -0.952046812 0.305915833
vn -0.0116970781 -0.65939647 0.751704454
vn -0.00750554027 -0.796128929 0.605080545
vn -0.0116095878 -0.36154753 0.932281435
vn -0.00935314875 -0.54255271 0.839969754
vn -0.0098354537 -0.0157186054 0.9998281
vn -0.00938549731 -0.213597804 0.976876676
vn -0.0064420728 0.330002069 0.943958282
vn -0.00792157371 0.141736835 0.989872694
vn -0.00235634041 0.630733252 0.775996208
vn -0.00540575851 0.470961094 0.882137418
vn -0.00588090857 -0.0527405888 0.998590887
vn -0.00512340432 0.293913364 0.955818355
vn -0.00278732134 0.73709929 0.675778687
vn -0.00408850797 0.594260395 0.80426234
vn -0.00614572037 -0.405475557 0.914085269
vn -0.00499186106 -0.702224255 0.711938381
vn -0.00274625211 -0.902715564 0.430229217
vn 0.000297429069 -0.99384284 0.110798188
vn 0.00304050208 -0.974626362 -0.223817259
vn 0.00531201949 -0.840523958 -0.541748345
vn 0.00684703374 -0.599014878 -0.800708652
vn 0.0077978312 -0.286072105 -0.958176374
vn 0.007972789 0.0515241586 -0.998639882
vn 0.00762012368 0.37477991 -0.927082539
vn 0.00588590559 0.66498208 -0.746836126
vn 0.00346671767 0.884614646 -0.466309875
vn 0.000625940098 0.993566215 -0.113250881
vn -0.00167423626 0.968447924 0.249210417
vn -0.00318973232 0.825144887 0.564912021
vn -0.00408850797 0.594260395 0.80426234
vn -0.00422593392 0.897498608 0.440997034
vn -0.0034062271 0.995802462 0.091465354
vn -0.00470877811 0.789200783 0.614117146
vn -0.0058119297 0.955388606 0.295294613
vn -0.00244274619 0.541637599 0.840608597
vn -0.00376575999 0.697881103 0.716203749
vn 0.000362790423 0.245808274 0.96931833
vn -0.00292641926 0.427593797 0.903966248
vn -0.00143301464 0.959747314 -0.280861109
vn -0.00531665888 0.996752799 -0.080347307
vn 0.00103053974 0.794810176 -0.606857181
vn -0.00392966671 0.899391651 -0.4371261
vn 0.00279569835 0.544323921 -0.838870466
vn -0.00221812958 0.69505012 -0.718957901
vn 0.00424075359 0.240524083 -0.970633864
vn -0.000972752459 0.425693661 -0.904866755
vn 0.0050040232 -0.0908779949 -0.99584949
vn 0.000697168929 0.108257972 -0.994122565
vn 0.00576950237 -0.425501823 -0.904939175
vn 0.00250153639 -0.232173637 -0.972671151
vn 0.00600394513 -0.713309288 -0.700823665
vn 0.00444502011 -0.554178536 -0.832385898
vn 0.00547769479 -0.909675598 -0.415283531
vn 0.00557992607 -0.804452658 -0.593990505
vn 0.00385089894 -0.995562673 -0.0940219611
vn 0.00581075856 -0.955369651 -0.295355737
vn 0.00189926045 -0.971460938 0.237191975
vn 0.00511771021 -0.999515057 0.0307161957
vn -6.4401167E-05 -0.834041059 0.551702499
vn 0.00453944411 -0.929764211 0.368127376
vn -0.00113269978 -0.581790805 0.813337684
vn 0.00406639604 -0.735960543 0.677012146
vn -0.00170606386 -0.248369217 0.968663871
vn 0.00370898261 -0.434786618 0.900525808
vn -0.00200515636 0.106450312 0.994316041
vn 0.00239172066 -0.0897345692 0.995962799
vn -0.00292641926 0.427593797 0.903966248
vn 0.000362790423 0.245808274 0.96931833
vn 0.0074894689 -0.28270489 0.959177673
vn 0.00439235475 0.0500891767 0.99873513
vn 0.0130660776 -0.469435662 0.882869899
vn 0.0094829062 -0.147342011 0.989040256
vn 0.000549218035 0.364962488 0.931021988
vn 0.00432681106 0.171787933 0.985124409
vn 0.0144397561 -0.755282819 0.655240059
vn 0.00869446807 -0.607834339 0.794016242
vn 0.0132077392 -0.94550252 0.325346917
vn 0.00854929723 -0.858687401 0.512428463
vn 0.0106943455 -0.999202907 -0.0384620912
vn 0.00754348096 -0.985881567 0.167274475
vn 0.00779582048 -0.926600516 -0.375966251
vn 0.00666342676 -0.984359026 -0.176047698
vn 0.00476172799 -0.752122879 -0.659005582
vn 0.00550412619 -0.872889996 -0.487886101
vn 0.00112831045 -0.49170658 -0.870760143
vn 0.00377153652 -0.663386345 -0.748267591
vn -0.00309400051 -0.166423559 -0.986049473
vn 0.00105122908 -0.368833035 -0.929495156
vn -0.00709416484 0.177437901 -0.984106421
vn -0.00191375113 -0.028043719 -0.999604881
vn -0.0099298209 0.491127521 -0.871031046
vn -0.00444272347 0.306067735 -0.951999485
vn -0.0114802159 0.744875193 -0.667105019
vn -0.00590618048 0.595196366 -0.803558648
vn -0.0116878804 0.922227502 -0.386471033
vn -0.0070252833 0.824771166 -0.565423012
vn -0.0110985516 0.999233961 -0.0375264063
vn -0.00756351044 0.96921432 -0.246102661
vn -0.00920449663 0.941864491 0.335866988
vn -0.00761404308 0.991580009 0.129271686
vn -0.00579023408 0.751695991 0.659484386
vn -0.00627561798 0.872977734 0.487719774
vn -0.001040973 0.4786897 0.877983451
vn -0.0034043137 0.647027016 0.762459517
vn 0.00432681106 0.171787933 0.985124409
vn 0.000549218035 0.364962488 0.931021988
vn 0.00212253095 0.292024285 0.95640856
vn -0.00577370729 0.598650753 0.800989389
vn 0.00835109688 0.0956142694 0.995383441
vn -0.00423460174 0.422746062 0.906238258
vn 0.020528432 -0.224212632 0.974323988
vn 0.0102556432 -0.0264210105 0.999598324
vn 0.0312257241 -0.521075487 0.852939129
vn 0.0176100731 -0.341073871 0.93987149
vn -0.012498009 0.849345624 0.527689099
vn -0.0161338281 0.719183683 0.694632709
vn -0.0173248276 0.984520853 0.174408898
vn -0.0256982129 0.924928963 0.379270464
vn -0.0199030433 0.982158542 -0.186998606
vn -0.0317147449 0.999254525 0.0220098011
vn -0.0202327073 0.863591135 -0.503786623
vn -0.0338243209 0.947441459 -0.318135977
vn -0.0184722692 0.655198157 -0.755231202
vn -0.0319792964 0.791898429 -0.609814823
vn -0.0143218618 0.373203486 -0.927639008
vn -0.0262628291 0.549367249 -0.835168183
vn -0.00813890062 0.0397071987 -0.999178231
vn -0.0171500705 0.241729617 -0.970192134
vn -0.00110264937 -0.298887312 -0.954287827
vn -0.00570816873 -0.0980597138 -0.995164156
vn 0.00588684762 -0.599841714 -0.800097048
vn 0.00633743918 -0.42366311 -0.905797601
vn 0.0122485729 -0.830490768 -0.556897581
vn 0.0180499069 -0.701885164 -0.712061465
vn 0.0180979706 -0.970835924 -0.239060596
vn 0.0287757795 -0.904108226 -0.426333576
vn 0.0228430927 -0.991379023 0.129018933
vn 0.0371332765 -0.99684757 -0.0701141804
vn 0.0248380024 -0.871717513 0.48937884
vn 0.0409446023 -0.951319516 0.305474669
vn 0.0230069496 -0.635739923 0.771560371
vn 0.0386537798 -0.777614772 0.627551734
vn 0.0176100731 -0.341073871 0.93987149
vn 0.0312257241 -0.521075487 0.852939129
vn 0.0367950611 -0.891379178 0.451762378
vn 0.0325819775 -0.687017381 0.725910187
vn 0.0200260654 -0.967656553 0.251474947
vn 0.0202500913 -0.829708755 0.557829082
vn 0.0144212767 -0.994074643 -0.107739471
vn 0.0357376933 -0.99418205 0.101611212
vn 0.0084465798 -0.919988513 -0.391854197
vn 0.0293747019 -0.962062299 -0.2712439
vn -0.00339068007 -0.704671204 -0.709525943
vn 0.0194115825 -0.799496531 -0.600356877
vn -0.0112960637 -0.416323841 -0.90914619
vn 0.00834498741 -0.543692708 -0.839242935
vn -0.0171575211 -0.0825852454 -0.996436357
vn -0.00267357891 -0.230163038 -0.973148346
vn -0.0205124225 0.252275378 -0.967438042
vn -0.0127863791 0.106693752 -0.994209766
vn -0.0216278844 0.560891092 -0.827606976
vn -0.0213732757 0.432430565 -0.901413858
vn -0.0188026037 0.839117467 -0.543625116
vn -0.0273135658 0.707201123 -0.706484675
vn -0.0142157208 0.971214294 -0.237783179
vn -0.0297732297 0.90029186 -0.434267312
vn -0.00887717027 0.994613111 0.103276484
vn -0.0285585485 0.993425131 -0.110864863
vn -0.00252869655 0.897837996 0.440318584
vn -0.0239798743 0.97114414 0.237284824
vn 0.00382694299 0.681762576 0.731563389
vn -0.0163895153 0.821585655 0.569849432
vn 0.00958658755 0.373581201 0.927547932
vn -0.0065814876 0.557832658 0.829927385
vn 0.0144101391 0.0256943796 0.999566019
vn 0.00428457931 0.22931549 0.973342836
vn 0.017545104 -0.236769155 0.971407533
vn 0.015030928 -0.107025914 0.994142592
vn 0.0192451105 -0.553257883 0.832787693
vn 0.0249010995 -0.417161524 0.908491075
vn 0.0202500913 -0.829708755 0.557829082
vn 0.0325819775 -0.687017381 0.725910187
vn 0.0196939558 -0.498864591 0.866456151
vn 0.0165757593 -0.121155724 0.99249506
vn 0.0210108701 -0.787815452 0.615552783
vn 0.0171110015 -0.92733711 0.373835504
vn 0.0114399306 -0.994955122 0.0996662453
vn 0.0200260654 -0.967656553 0.251474947
vn 0.0224837884 -0.376085788 0.92631197
vn 0.0235134996 -0.677292049 0.735338449
vn 0.0161447227 -0.560285628 0.828142047
vn 0.0141831478 -0.812669992 0.582551599
vn 0.0228395257 -0.849529207 0.527047038
vn 0.0111449612 -0.958508968 0.284844398
vn 0.0206786562 -0.974970043 0.221372709
vn 0.00679239305 -0.999244332 -0.0382718332
vn 0.0166264959 -0.227509275 0.973633945
vn 0.018345153 -0.0239559207 0.99954468
vn 0.0149899786 0.139524952 0.990105093
vn 0.011968798 0.33470431 0.942247152
vn 0.0110646896 0.478560179 0.87798506
vn 0.00390836364 0.644150019 0.7648893
vn 0.00525659602 0.750715017 0.660605252
vn -0.00506865419 0.867784202 0.49691543
vn -0.00159189687 0.929848731 0.367938668
vn -0.0138343507 0.984721601 0.173585504
vn -0.00860174932 0.999424934 0.0328010432
vn -0.0214558933 0.975211799 -0.220230654
vn -0.0148598617 0.953168154 -0.302075416
vn -0.0288602188 0.84397918 -0.535598934
vn -0.0197847914 0.799755931 -0.599999249
vn -0.0307165794 0.617747009 -0.785776794
vn -0.0228233375 0.56049335 -0.827844322
vn -0.0295180008 0.32277146 -0.94601655
vn -0.0233641751 0.247016102 -0.968729675
vn -0.0246353373 -0.0201232005 -0.999493957
vn -0.0207707901 -0.106622674 -0.99408263
vn -0.0164428465 -0.368035764 -0.929666221
vn -0.0147806173 -0.462902308 -0.88628608
vn -0.00596286682 -0.630706668 -0.775998414
vn -0.00696443347 -0.750478268 -0.660858512
vn 0.00565452874 -0.867565036 -0.497291476
vn 0.000718822877 -0.932228625 -0.361869246
vn 0.014920678 -0.985729098 -0.167676941
vn 0.00679239305 -0.999244332 -0.0382718332
vn 0.0206786562 -0.974970043 0.221372709
vn -0.00484781107 -0.971543074 -0.236813039
vn -0.00862174109 -0.841475785 -0.540226042
vn 0.00959115103 -0.903741896 -0.42797026
vn 0.00563971 -0.71501869 -0.699082494
vn -0.0127667217 -0.603005648 -0.797634721
vn -0.000338597194 -0.422495246 -0.906365037
vn -0.0162143428 -0.26641053 -0.963723302
vn -0.00733716646 -0.0589307882 -0.998235106
vn -0.0174912382 0.103512466 -0.994474351
vn -0.0133600924 0.312467754 -0.949834406
vn -0.0161094107 0.447435319 -0.894171178
vn -0.0168562271 0.621833205 -0.782968283
vn -0.0125766154 0.717325807 -0.696624398
vn -0.0179427769 0.843570709 -0.536718309
vn -0.00782679208 0.904538333 -0.426320553
vn -0.0170229394 0.971837044 -0.235037997
vn -0.00256370357 0.994233906 -0.107202329
vn -0.0145136565 0.99508369 0.0979683325
vn 0.00268423348 0.972790718 0.231669724
vn -0.0105003072 0.903428197 0.428610831
vn 0.00738643389 0.837305188 0.546685994
vn -0.00537355524 0.706165135 0.708026767
vn 0.0109132491 0.603394568 0.79736805
vn 0.000169441875 0.428259194 0.903655887
vn 0.0126099065 0.295041412 0.955401242
vn 0.0053010229 0.0971361622 0.99525696
vn 0.0120914001 -0.0619588979 0.99800545
vn 0.00921262242 -0.259297639 0.965753555
vn 0.00949597266 -0.419420868 0.907742262
vn 0.011626781 -0.595311821 0.803410649
vn 0.00571255106 -0.720514297 0.693416595
vn 0.0125809051 -0.847532392 0.530594528
vn 0.00192929315 -0.915356994 0.402638495
vn 0.0124994582 -0.978396356 0.206359684
vn -0.00149759965 -0.996565998 0.0827886984
vn 0.0116437934 -0.992464423 -0.121978849
vn -0.00484781107 -0.971543074 -0.236813039
vn 0.00959115103 -0.903741896 -0.42797026
vn 0.0160168801 -0.937734723 0.346982747
vn 0.0183848795 -0.999828577 0.00219299109
vn 0.0132308891 -0.988852739 0.148308098
vn 0.0172158629 -0.98036021 -0.196462125
vn 0.0192312542 -0.947789907 -0.318315089
vn 0.0198599882 -0.865692496 -0.500181913
vn 0.00790460594 -0.86733371 0.497664332
vn 0.0122024436 -0.747307181 0.664366663
vn 0.00156739191 -0.624262691 0.781212926
vn 0.00680287322 -0.449872434 0.893066943
vn -0.00522017851 -0.308466941 0.951220691
vn 0.000223643801 -0.106439695 0.994319141
vn -0.0118312743 0.0275123753 0.999551356
vn -0.00669339765 0.23378925 0.972264171
vn -0.0173409283 0.355380565 0.934560835
vn -0.0132013438 0.542143047 0.840182483
vn -0.0209662914 0.64776969 0.761547744
vn -0.0183088388 0.793828368 0.607866228
vn -0.0220691264 0.869413018 0.493592858
vn -0.0212308839 0.952851057 0.302694917
vn -0.0206347127 0.984982669 0.171415582
vn -0.021787649 0.999200881 -0.0335116163
vn -0.0171297565 0.986776769 -0.161177412
vn -0.0201390926 0.934741974 -0.354756147
vn -0.0118053472 0.881832242 -0.47141549
vn -0.0162868667 0.767855525 -0.640415967
vn -0.00457807304 0.670227647 -0.742141426
vn -0.00990061369 0.50448525 -0.863363504
vn 0.00410906784 0.36003077 -0.932931364
vn -0.00133113121 0.155134678 -0.987892509
vn 0.0125189191 -0.0123214945 -0.999845743
vn 0.00758876046 -0.224247187 -0.974502683
vn 0.0182475355 -0.372881681 -0.927699447
vn 0.0145011209 -0.555051744 -0.831689417
vn 0.02055531 -0.660992265 -0.750111163
vn 0.0181923341 -0.79911536 -0.600902379
vn 0.0198599882 -0.865692496 -0.500181913
vn 0.0192312542 -0.947789907 -0.318315089
vn 0.0116437934 -0.992464423 -0.121978849
vn 0.0185782555 -0.749920666 -0.661266804
vn 0.0212479495 -0.498339564 -0.866721451
vn 0.0211040787 -0.171235844 -0.985004067
vn 0.0218338333 -0.312301725 -0.949732065
vn 0.0235746093 0.034196727 -0.999137104
vn 0.0171464849 0.196819067 -0.980289876
vn 0.0215727035 0.394826502 -0.91850239
vn 0.0101738442 0.543850958 -0.83912009
vn 0.016032178 0.701829493 -0.712164521
vn 0.00204437785 0.806226134 -0.591603994
vn 0.0085557485 0.905207932 -0.424882859
vn -0.00559519744 0.957098901 -0.289707333
vn 0.000602973625 0.995023131 -0.0996424854
vn -0.0121872285 0.99919647 0.0381811112
vn -0.00720649585 0.972287178 0.233678535
vn -0.0175805669 0.92980212 0.367639571
vn -0.0144052515 0.836887002 0.547186136
vn -0.0212403238 0.748036265 0.6633178
vn -0.0202124882 0.595851183 0.802840412
vn -0.0224325843 0.475344479 0.8795138
vn -0.0234900154 0.283791214 0.958598375
vn -0.020844385 0.153224513 0.987971485
vn -0.0238976236 -0.052035749 0.998359263
vn -0.0169372093 -0.179177925 0.98367095
vn -0.0216545928 -0.376802802 0.926040351
vn -0.0114958696 -0.498132646 0.86702472
vn -0.0172150861 -0.66663307 0.745187283
vn -0.00499493955 -0.772067249 0.635521233
vn -0.0112214796 -0.886147678 0.463266999
vn 0.00179156358 -0.950826526 0.309718907
vn -0.00402384996 -0.993821502 0.110917374
vn 0.00825728755 -0.998647869 -0.0513246283
vn 0.00351827033 -0.969289899 -0.245895579
vn 0.0140051618 -0.922895312 -0.384796172
vn 0.0107667986 -0.830676556 -0.556651115
vn 0.0185782555 -0.749920666 -0.661266804
vn 0.0171012562 -0.607867122 -0.793854654
vn 0.0212479495 -0.498339564 -0.866721451
vn 0.0218338333 -0.312301725 -0.949732065
vn -0.00105429417 -0.902844965 -0.429964751
vn 0.00733003113 -0.710044026 -0.704119146
vn -0.00547130033 -0.804701626 -0.593654215
vn 0.00368386554 -0.561659515 -0.827360332
vn -0.00952227414 -0.675526679 -0.73727411
vn -0.000181712894 -0.394618362 -0.918845057
vn 0.0126497829 -0.258372307 -0.965962529
vn 0.00944947172 -0.0634156689 -0.997942388
vn 0.0204946809 0.0863173231 -0.996056914
vn 0.0182565711 0.284447968 -0.958517611
vn 0.0257161446 0.43109563 -0.90193975
vn 0.0247359406 0.60291791 -0.797419667
vn -0.0177864209 -0.885048032 -0.465159744
vn -0.0138950273 -0.958316267 -0.285371184
vn -0.0239560157 -0.990916789 -0.132325768
vn -0.0209239386 -0.997219324 0.0715248212
vn -0.0275312625 -0.973882139 0.225378677
vn -0.0254516359 -0.909329295 0.415298253
vn -0.0278543103 -0.83730495 0.546026111
vn -0.0273549967 -0.711926818 0.701720715
vn -0.0252856836 -0.604775429 0.79599458
vn -0.0263861958 -0.438625485 0.898282528
vn 0.0216006357 -0.116769195 -0.992924213
vn 0.0152420355 -0.440276802 -0.897732675
vn -0.0251928773 -0.557345569 0.829898417
vn -0.025850419 -0.252136648 0.967346251
vn -0.0225230213 -0.114787251 0.993134737
vn -0.0201489441 -0.304889977 0.952174425
vn -0.0124720912 0.035942439 0.999276102
vn -0.0160223991 0.230969355 0.972829103
vn -0.00313187321 0.381266534 0.924459875
vn -0.00720309326 0.55683434 0.830592334
vn 0.00691147801 0.68343699 0.729976833
vn 0.0024275668 0.810285151 0.586030722
vn 0.015993597 0.893106937 0.449559867
vn 0.0116249612 0.961701095 0.273853987
vn 0.0229367986 0.992481232 0.120228618
vn 0.0193339456 0.997858942 -0.0624796972
vn 0.0270432178 0.975485206 -0.218397036
vn 0.0248335823 0.918234348 -0.395258129
vn 0.0277755484 0.843365788 -0.53662163
vn 0.0272037052 0.723109722 -0.690197289
vn 0.0247359406 0.60291791 -0.797419667
vn 0.0257161446 0.43109563 -0.90193975
vn 0.025058927 0.572797477 -0.819313765
vn 0.0252893176 0.239060417 -0.97067529
vn 0.0204946809 0.0863173231 -0.996056914
vn 0.0216006357 -0.116769195 -0.992924213
vn 0.0210548323 0.826379955 -0.562719107
vn 0.0144591769 0.969224751 -0.245752826
vn 0.00641538389 0.995873272 0.0905276686
vn -0.00229583797 0.908898294 0.41701147
vn 0.0223095231 0.748891056 -0.662317455
vn 0.0266309865 0.929757416 -0.367208421
vn 0.0184162781 0.862987518 -0.504889488
vn 0.0237976331 0.982307553 -0.185756773
vn 0.0275496598 0.998985708 -0.0356154218
vn 0.0262361746 0.988546491 0.14861834
vn 0.025047088 0.953487635 0.300389707
vn 0.0253573712 0.882151961 0.47028178
vn 0.019243367 0.794133961 0.607437968
vn 0.0211673882 0.66347003 0.747903347
vn 0.0108707575 0.52813375 0.849091589
vn 0.0139738703 0.355876893 0.934428334
vn 0.00117921317 0.194953859 0.980811715
vn 0.0052503217 0.00195151858 0.999984384
vn -0.00833358988 -0.156896695 0.987579882
vn -0.0035708542 -0.341695935 0.939803839
vn -0.0163740404 -0.480857521 0.876645923
vn -0.0117438268 -0.636036277 0.771569788
vn -0.0227224976 -0.745820522 0.665759385
vn -0.0185773298 -0.858619988 0.512275994
vn -0.0267128441 -0.927531004 0.372790575
vn -0.0237475149 -0.98239249 0.185313553
vn -0.0277983472 -0.999300599 0.0250133239
vn -0.0264154114 -0.985306382 -0.168740809
vn -0.0257681739 -0.945991635 -0.323165447
vn -0.0257663913 -0.863783181 -0.503204465
vn -0.0205379874 -0.777028739 -0.629129946
vn -0.0221359245 -0.643550694 -0.765083313
vn -0.0130763827 -0.523962557 -0.85164094
vn -0.0158943646 -0.35156551 -0.936028302
vn -0.00407632347 -0.210453898 -0.977595389
vn -0.00767240673 -0.0173859112 -0.999819458
vn 0.00571574457 0.134177864 -0.99094075
vn 0.0014661802 0.32632947 -0.945255041
vn 0.0149303349 0.470127642 -0.882472157
vn 0.0107004233 0.63658005 -0.771136343
vn 0.0223095231 0.748891056 -0.662317455
vn 0.0184162781 0.862987518 -0.504889488
vn -0.017688768 -0.165761843 -0.986007214
vn -0.0110981371 0.176481083 -0.984241426
vn -0.0187868048 0.0275193248 -0.999444664
vn -0.0139565822 0.368540168 -0.929507077
vn -0.00288967602 0.507736564 -0.861507535
vn -0.00774942758 0.666621983 -0.745355725
vn 0.00547985872 0.774990857 -0.63194865
vn -0.000529361423 0.883808732 -0.467847973
vn 0.0132087711 0.944141567 -0.329275429
vn 0.00654209265 0.989568412 -0.143914983
vn -0.0212128405 -0.309548914 -0.950646877
vn -0.0223031864 -0.485293567 -0.87406683
vn -0.0210419111 -0.612955272 -0.78983736
vn -0.0242190976 -0.752997339 -0.657577753
vn -0.018186301 -0.849499822 -0.527275324
vn -0.0230009891 -0.933573723 -0.357646674
vn -0.0129692759 -0.980271757 -0.197228149
vn -0.0190973543 -0.999804199 -0.00519447308
vn -0.00667484757 -0.987769902 0.155776009
vn -0.0131591568 -0.939900279 0.341195345
vn -0.000264862174 -0.876249492 0.481857568
vn -0.0061496417 -0.770146966 0.637836874
vn 0.0059291725 -0.666694999 0.745307088
vn 0.00122000591 -0.51145786 0.859307528
vn 0.0116200745 -0.37405625 0.927333236
vn 0.00884732418 -0.189450935 0.981850326
vn 0.0164591335 -0.0269679204 0.999500751
vn 0.0159890559 0.167580724 0.985728681
vn 0.0196633171 0.331152648 0.943372309
vn 0.0212856047 0.509306371 0.860322058
vn 0.0200057849 0.643498123 0.76518625
vn 0.0238088649 0.7775442 0.628377318
vn 0.0176251251 0.864973664 0.501507521
vn 0.0229316149 0.944049776 0.329004884
vn 0.0128461029 0.981874883 0.189094305
vn 0.0192260761 0.999814808 0.000938976242
vn 0.00654209265 0.989568412 -0.143914983
vn 0.0132087711 0.944141567 -0.329275429
vn -0.00177044643 0.998814106 0.048654411
vn 0.0044716117 0.927700341 0.373298824
vn 0.0100226458 0.751720726 0.65940547
vn -0.00638723886 0.835669875 0.549194872
vn -3.99664968E-05 0.603591442 0.797293782
vn 0.0140931783 0.479441255 0.877460837
vn 0.00547563564 0.290655375 0.956812084
vn 0.0157651324 0.137465939 0.990381062
vn 0.00956384093 -0.0700042993 0.997500837
vn 0.0153288962 -0.225161299 0.974200964
vn 0.0117772492 -0.422517508 0.906278193
vn 0.0131111117 -0.550676048 0.834616005
vn 0.0125849256 -0.709883988 0.704206169
vn 0.0097859744 -0.798239291 0.602261007
vn 0.012019095 -0.905389845 0.424411029
vn 0.00549003761 -0.95370239 0.300701857
vn 0.00967558008 -0.994633317 0.103010058
vn -2.94858637E-05 -0.999274552 -0.0380826183
vn 0.00538271619 -0.971455455 -0.237161279
vn -0.00639483565 -0.92451328 -0.381096184
vn -0.000830006611 -0.830332696 -0.557267368
vn -0.0125252157 -0.731437981 -0.681792855
vn -0.00809269585 -0.581855476 -0.813251972
vn -0.0172729399 -0.449467719 -0.893129587
vn -0.0145277726 -0.257816851 -0.966084599
vn -0.0195972417 -0.117345899 -0.992897749
vn -0.0190158263 0.0930445418 -0.995480299
vn -0.0193874091 0.228180259 -0.973425806
vn -0.0213503856 0.42469272 -0.905085862
vn -0.0172022823 0.545603812 -0.837866664
vn -0.0216246117 0.707666337 -0.706215858
vn -0.0131073548 0.802057981 -0.597102344
vn -0.0203429125 0.904436111 -0.426123768
vn -0.00788224395 0.957517743 -0.288266689
vn -0.0172383543 0.995373428 -0.0945237875
vn -0.00177044643 0.998814106 0.048654411
vn -0.0124328118 0.97007823 0.242474094
vn 0.0044716117 0.927700341 0.373298824
vn -0.00638723886 0.835669875 0.549194872
vn -0.0270737447 0.615619421 -0.787578344
vn -0.0298239402 0.84019047 -0.541470647
vn -0.0404598787 0.778984785 -0.625736117
vn -0.0444188528 0.93757695 -0.344929606
vn -0.0309702083 0.971856415 -0.23352921
vn -0.0472643897 0.998348713 -0.0326462016
vn -0.030174531 0.993978739 0.10533645
vn -0.0482541174 0.951638877 0.30340597
vn -0.0265053026 0.900897384 0.433222145
vn -0.0452283993 0.793813944 0.606476665
vn -0.0205258932 0.705609143 0.708303869
vn -0.0391410366 0.547081769 0.83616358
vn -0.0343954749 0.529314399 -0.847728312
vn -0.0226273295 0.312499017 -0.949648499
vn -0.0264417361 0.202366754 -0.978952765
vn -0.0161577854 -0.0364657454 -0.999204338
vn -0.0157635137 -0.177654266 -0.983966768
vn -0.00767151779 -0.394925743 -0.918681026
vn -0.00449985964 -0.530354321 -0.847764075
vn 0.000910507748 -0.697754622 -0.716336191
vn 0.00286192563 -0.788741946 -0.614717841
vn 0.00733830361 -0.900906682 -0.433950812
vn 0.00558492355 -0.946716726 -0.32201913
vn 0.0106144333 -0.993774652 -0.110902272
vn 0.00456031272 -0.999988675 0.00136609538
vn 0.0109049845 -0.974999487 0.221939117
vn -6.66671185E-05 -0.945235729 0.326388597
vn 0.0088261785 -0.84758544 0.530585587
vn -0.00712692039 -0.773897171 0.633271098
vn 0.0049147117 -0.609152913 0.793037593
vn -0.0148532921 -0.481016904 0.876585543
vn -0.000167419479 -0.281539977 0.959549487
vn -0.0227939487 -0.12804924 0.991505802
vn -0.0062859538 0.0819354653 0.996617854
vn -0.0312502421 0.227940664 0.97317344
vn -0.013437408 0.424564153 0.905298114
vn -0.0391410366 0.547081769 0.83616358
vn -0.0205258932 0.705609143 0.708303869
vn -0.0633048192 0.390015304 0.918629766
vn -0.0689446181 0.66881454 0.740225375
vn -0.0452283993 0.793813944 0.606476665
vn -0.0550331548 0.042554494 0.997577369
vn -0.094487682 0.277885586 0.955955803
vn -0.0858938619 -0.106085181 0.990640283
vn -0.0455186106 -0.311934769 0.949012518
vn -0.0757877603 -0.442360163 0.893629491
vn -0.0370825343 -0.64664042 0.761893094
vn -0.0703562945 -0.756767333 0.649887025
vn -0.0268060081 -0.895289361 0.44467777
vn -0.056159474 -0.967080593 0.248195991
vn -0.0158642773 -0.993873835 0.109375924
vn -0.0391859449 -0.996009946 -0.0801783577
vn -0.00963869877 -0.979234457 -0.202501938
vn -0.0331936739 -0.932088971 -0.360705346
vn -0.00811118074 -0.86022985 -0.509841919
vn -0.032631442 -0.757296681 -0.652255177
vn -0.0107433302 -0.651454449 -0.758611679
vn -0.0341626219 -0.521280289 -0.852701426
vn -0.0204590689 -0.354996264 -0.934643865
vn -0.0475787036 -0.219454169 -0.974461973
vn -0.0362277776 0.0409515314 -0.998504162
vn -0.0712403804 0.208937645 -0.975330651
vn -0.0489490032 0.428166837 -0.902373075
vn -0.083097972 0.598517179 -0.796788454
vn -0.0575446524 0.706730068 -0.705139101
vn -0.0927273557 0.823671818 -0.559433937
vn -0.0646772906 0.901786268 -0.427315205
vn -0.101440184 0.971647382 -0.213567942
vn -0.0675159618 0.988775849 -0.13328135
vn -0.0975521207 0.992155135 0.0781780854
vn -0.070161745 0.984389007 0.161417022
vn -0.0977917537 0.942520201 0.319518864
vn -0.0722107813 0.874998391 0.478709996
vn -0.0999152288 0.783669472 0.613089859
vn -0.0689446181 0.66881454 0.740225375
vn -0.095948115 0.570293248 0.81581831
vn -0.0633048192 0.390015304 0.918629766
vn -0.094487682 0.277885586 0.955955803
vn -0.118631952 0.992928088 -0.00450122403
vn -0.108720072 0.969554603 0.219417006
vn -0.113643132 0.879410505 0.462301254
vn -0.111907385 0.700408936 0.704914272
vn -0.110967971 0.506337762 0.855165541
vn -0.112072289 0.154525578 0.981611788
vn -0.117010847 0.908524871 -0.401112139
vn -0.100309007 0.701449037 -0.705625653
vn -0.0960712135 0.381703675 -0.919278264
vn -0.0695784613 -0.109641969 -0.991532862
vn -0.0476560965 -0.426319301 -0.903316498
vn -0.0454367772 -0.650504649 -0.758141935
vn -0.0471835397 -0.870210469 -0.490415514
vn -0.04792694 -0.977017641 -0.207700416
vn -0.0640885606 -0.996173918 0.0594162419
vn -0.0871172771 -0.865262747 0.493691117
vn -0.0915642157 -0.541763484 0.835528791
vn -0.0985257775 -0.234765679 0.967045903
vn -0.112072289 0.154525578 0.981611788
vn 0.0543699265 -0.728466153 -0.682920992
vn 0.036632929 -0.352790356 -0.934985042
vn 0.0564630553 -0.475783467 -0.877748311
vn 0.0307675693 -0.643031478 -0.765221417
vn 0.0439182334 -0.0291287582 -0.998610377
vn 0.0665963069 -0.206981346 -0.976075649
vn 0.0494762361 0.297574878 -0.953415573
vn 0.0734758005 0.11944285 -0.990118563
vn 0.0556851625 0.569712281 -0.819955468
vn 0.082413815 0.38471821 -0.919347584
vn 0.0624801964 0.800592482 -0.595942914
vn 0.0955746844 0.654883981 -0.749661565
vn 0.052283708 -0.932909012 -0.356296271
vn 0.0263628066 -0.871471524 -0.489737004
vn 0.0481567755 -0.998399794 -0.0296447836
vn 0.0229981169 -0.985955954 -0.165413961
vn 0.0571611002 -0.924917221 0.375846565
vn 0.0249728747 -0.977753758 0.208263934
vn 0.0578633249 -0.692191184 0.719390869
vn 0.0272283498 -0.825903356 0.563153803
vn 0.0537172034 -0.430843621 0.900826395
vn 0.0277336054 -0.585086286 0.810496688
vn 0.057703685 -0.148085952 0.987289608
vn 0.0303040165 -0.301560909 0.95296526
vn 0.0649341941 0.167434394 0.983742595
vn 0.0359920673 0.0167126153 0.999212265
vn 0.0717504844 0.43879813 0.895716488
vn 0.0427768007 0.328485489 0.943539858
vn 0.090557076 0.722525477 0.68538779
vn 0.0539843254 0.635470092 0.770236015
vn 0.106975816 0.951586366 0.288165689
vn 0.0649327561 0.888700724 0.453866482
vn 0.104394019 0.986712217 -0.124503031
vn 0.0676777437 0.99500978 0.0733160228
vn 0.0995072797 0.885142207 -0.454556435
vn 0.0658193156 0.957130969 -0.282078326
vn 0.0955746844 0.654883981 -0.749661565
vn 0.0624801964 0.800592482 -0.595942914
vn 0.119309641 0.625315249 -0.771197736
vn 0.119517297 0.864180863 -0.488781184
vn 0.0391851217 0.997717738 -0.0549905039
vn 0.0376243442 0.918432295 -0.393784851
vn 0.02019196 0.98315537 0.181652874
vn 0.019928433 0.985502005 -0.16848895
vn 0.0189912729 0.856957972 0.515036404
vn 0.0387479998 0.952753842 0.301261932
vn 0.0160249602 0.617143333 0.786687553
vn 0.0350403748 0.774514079 0.6315853
vn 0.0118434839 0.300407708 0.953737319
vn 0.027894387 0.487023711 0.872943223
vn 0.00795956422 -0.0427295528 0.999054968
vn 0.0210509188 0.159194812 0.987022817
vn 0.0052889674 -0.370319694 0.928889334
vn 0.0158744343 -0.172658995 0.984853745
vn 0.00331667042 -0.657697678 0.75327462
vn 0.0123858768 -0.481741399 0.876225889
vn 0.00245189224 -0.872169673 0.489197403
vn 0.0101959622 -0.743865609 0.668251455
vn 0.00182764616 -0.987962306 0.154684365
vn 0.00917806011 -0.929050088 0.369839996
vn 0.00169237063 -0.978559017 -0.20596005
vn 0.00815093517 -0.99993217 0.0083285002
vn 0.00276155514 -0.844922781 -0.534881175
vn 0.00863330532 -0.938049734 -0.346392989
vn 0.0052391137 -0.611027837 -0.791591763
vn 0.011874075 -0.762631118 -0.646724701
vn 0.00835632253 -0.305698931 -0.952091634
vn 0.016498806 -0.494820386 -0.868838668
vn 0.0117261307 0.0315716714 -0.999432623
vn 0.0215297062 -0.170980215 -0.985039234
vn 0.0143916337 0.367317349 -0.929984272
vn 0.0266468357 0.167577967 -0.985498667
vn 0.0166187901 0.657392859 -0.753364742
vn 0.0303985775 0.485237271 -0.873853922
vn 0.0184824094 0.870934725 -0.491051048
vn 0.0342516936 0.738398433 -0.673494279
vn 0.019928433 0.985502005 -0.16848895
vn 0.0376243442 0.918432295 -0.393784851
vn 0.00532412017 0.234121054 -0.972192883
vn 0.00424260134 -0.10570924 -0.994388044
vn 0.00162872579 0.419573605 -0.907719791
vn 0.00204502721 0.0935619697 -0.99561137
vn 0.000819431851 0.703735769 -0.710461259
vn 0.00632616691 0.54743433 -0.836824715
vn 0.000341107574 0.904915273 -0.425591767
vn 0.00686548976 0.800053239 -0.599889636
vn 1.90051778E-05 0.99625814 -0.0864283219
vn 0.0075070262 0.956609607 -0.291276008
vn 5.36403022E-05 0.965357125 0.260931879
vn 0.00790093746 0.99848026 0.0545412302
vn 0.00284416438 -0.432365477 -0.901693881
vn 0.00249446463 -0.243278146 -0.969953418
vn 0.0017354805 -0.713173985 -0.700984895
vn 0.00287261559 -0.556407869 -0.830904305
vn 0.00128415367 -0.912593842 -0.408865213
vn 0.00319153885 -0.808778226 -0.588105142
vn 0.00123186538 -0.998099029 -0.0616181418
vn 0.00356201711 -0.963963151 -0.266011924
vn 0.00124206953 -0.957131207 0.289652169
vn 0.00350391236 -0.996135354 0.0877624527
vn 0.00141026103 -0.800821364 0.59890157
vn 0.00274600438 -0.906419098 0.422370583
vn 0.001479659 -0.555660605 0.831407905
vn 0.00192818407 -0.70997268 0.704226494
vn 0.00228953385 -0.244046524 0.969760895
vn 0.000892004522 -0.432418883 0.901672363
vn 0.00364535046 0.0994061157 0.995040238
vn 0.000292704615 -0.0986543596 0.995121658
vn 0.00540811662 0.438024879 0.898946583
vn 0.000153878063 0.250742853 0.968053758
vn 0.00699320482 0.724265873 0.689485431
vn 0.000123878664 0.569726825 0.821834147
vn 0.00780343963 0.918488145 0.395371735
vn 0.000129292079 0.817507327 0.575918198
vn 0.00790093746 0.99848026 0.0545412302
vn 5.36403022E-05 0.965357125 0.260931879
vn -0.00456117559 0.689414442 0.724352717
vn -0.00497137476 0.894462109 0.447116315
vn -0.00742347585 0.538290679 0.842726469
vn -0.00797535107 0.791713536 0.61084038
vn -0.00477249408 0.993464291 0.114043988
vn -0.00764133083 0.95189327 0.306334496
vn -0.00602779444 0.218188658 0.975888073
vn -0.00368782599 0.400486231 0.91629535
vn -0.00378927682 -0.131272301 0.991339147
vn -0.00245833979 0.0596519485 0.998216212
vn -0.00110537396 -0.465098917 0.885258079
vn -0.000676609692 -0.288197666 0.957570612
vn 0.0019232257 -0.739024162 0.673676133
vn 0.00138102577 -0.597531915 0.801843941
vn 0.00488002691 -0.922847092 0.385135442
vn 0.00342009868 -0.833927095 0.551864028
vn 0.00709281303 -0.998879492 0.0467905588
vn 0.00533840852 -0.971157491 0.238379419
vn 0.00860115793 -0.953485906 -0.301314801
vn 0.00626851944 -0.993713677 -0.111775205
vn 0.00883233268 -0.787067413 -0.616803765
vn 0.00640690047 -0.891625404 -0.45272857
vn 0.00781620946 -0.521529019 -0.853197753
vn 0.00578232529 -0.677185595 -0.735789537
vn 0.00623040553 -0.20103015 -0.979565263
vn 0.00443251012 -0.382407546 -0.923983097
vn 0.00389520824 0.137885153 -0.990440607
vn 0.00297971047 -0.0515367277 -0.998666644
vn 0.00126012764 0.459703654 -0.888071418
vn 0.0013285717 0.282082856 -0.95938915
vn -0.00141246652 0.732676744 -0.680575371
vn -0.000669258763 0.588358939 -0.808599591
vn -0.00421021692 0.923120975 -0.384486616
vn -0.00238081091 0.829057336 -0.559158444
vn -0.00627905829 0.99916327 -0.0404132567
vn -0.00397286657 0.971772552 -0.235886142
vn -0.00764133083 0.95189327 0.306334496
vn -0.00477249408 0.993464291 0.114043988
vn -0.00145541527 0.851590455 -0.524205565
vn 0.00196809741 0.619636059 -0.784886718
vn 0.00524039799 0.937542617 -0.347830892
vn 0.00786351785 0.758398294 -0.651743889
vn 0.00201912108 0.999997497 0.00103820092
vn -0.00452896534 0.980583668 -0.196048513
vn -0.00123966823 0.93929553 0.343106747
vn -0.00719721522 0.987741172 0.155934736
vn -0.00464376947 0.767038405 0.641584396
vn -0.00894109253 0.874864459 0.484285355
vn 0.00508585898 0.319598913 -0.94753927
vn 0.00969578233 0.490762472 -0.871239483
vn 0.00761167146 -0.0136887068 -0.999877334
vn 0.0107089523 0.168806598 -0.985590935
vn 0.00965057965 -0.35242635 -0.935789704
vn 0.0102288164 -0.170398071 -0.985322237
vn 0.0103071816 -0.653470516 -0.756881773
vn 0.00884096883 -0.499461621 -0.866290867
vn 0.00986293517 -0.877754807 -0.479008585
vn 0.00595102087 -0.769061327 -0.639147222
vn 0.00803894456 -0.98963201 -0.143400699
vn 0.0022016326 -0.94322753 -0.332139969
vn 0.00499856519 -0.979175806 0.202952743
vn -0.00145843334 -0.9998914 0.0146636898
vn 0.00161284464 -0.852490127 0.522740781
vn -0.00494935969 -0.935886383 0.352267295
vn -0.00187606039 -0.624689579 0.780870914
vn -0.00780097581 -0.762696326 0.646709681
vn -0.00512951659 -0.31963256 0.947527707
vn -0.00967454072 -0.496992856 0.867700756
vn -0.00754491659 0.0270492174 0.999605715
vn -0.0104011735 -0.169122174 0.985540211
vn -0.00908330269 0.367384315 0.930024922
vn -0.00964992028 0.180259198 0.983571887
vn -0.0095380554 0.660142004 0.751080275
vn -0.00764054246 0.504070938 0.863628447
vn -0.00894109253 0.874864459 0.484285355
vn -0.00464376947 0.767038405 0.641584396
vn 0.0658704266 -0.705106795 -0.706035018
vn 0.0686270967 -0.51118499 -0.856726468
vn 0.0829429477 -0.243671238 -0.966304719
vn 0.0892346576 0.0530431978 -0.994597197
vn 0.104249716 0.297552049 -0.948996723
vn 0.119309641 0.625315249 -0.771197736
vn 0.0709332675 -0.925467849 -0.372126013
vn 0.0645424202 -0.997897625 -0.00588176027
vn 0.0767102316 -0.92667675 0.367947847
vn 0.0838383138 -0.639591634 0.764129341
vn 0.0729904473 -0.364230901 0.928444028
vn 0.072924085 -0.127004266 0.989217877
vn 0.0830653459 0.190533996 0.978159964
vn 0.0868164524 0.454293728 0.886611581
vn 0.103868961 0.693280041 0.713143826
vn 0.1307794 0.943817258 0.303489178
vn 0.129338562 0.976151645 -0.174354419
vn 0.0102556432 -0.0264210105 0.999598324
vn -0.00244274619 0.541637599 0.840608597
vn -0.00318973232 0.825144887 0.564912021
vn -0.00376575999 0.697881103 0.716203749
vn 0.0556851625 0.569712281 -0.819955468
vn 0.0342516936 0.738398433 -0.673494279
vn 1.90051778E-05 0.99625814 -0.0864283219
vn 0.00437356951 -0.968130052 -0.250409484
vn 0.0114399306 -0.994955122 0.0996662453
vn -0.00463159336 -0.776105523 -0.630585968
vn -0.0127444454 -0.445919573 -0.894982398
vn -0.0181337651 -0.11172951 -0.993573129
vn -0.0207173061 0.232769176 -0.972311318
vn -0.0202244781 0.540675402 -0.840988159
vn -0.0173683688 0.791219115 -0.611286104
vn -0.0151037956 0.930106401 -0.366979539
vn -0.0114687532 0.995858252 -0.0901930779
vn -0.00418876717 0.967849612 0.251494765
vn 0.00311423209 0.822484314 0.56877929
vn 0.00942227338 0.5686782 0.822506189
vn 0.0139425145 0.23887758 0.970949531
vn -0.0263861958 -0.438625485 0.898282528
vn -0.0201489441 -0.304889977 0.952174425
vn -0.0252856836 -0.604775429 0.79599458
vn -0.0110233473 0.70976156 0.704355717
vn -0.018500099 0.420917451 0.906910241
vn -0.0236978587 0.0843457952 0.996154726
vn 0.0152420355 -0.440276802 -0.897732675
vn 0.0171012562 -0.607867122 -0.793854654
vn -0.0220565945 -0.804769158 0.593177915
vn -0.0165214017 -0.962527812 0.270679116
vn -0.0093241455 -0.996017516 -0.0886695385
vn 0.014920678 -0.985729098 -0.167676941
g Editable_Poly_0
f 3/3/3 2/2/2 1/1/1
f 4/4/4 1/1/1 2/2/2
f 2/2/2 3/3/3 5/5/5
f 6/6/6 5/5/5 3/3/3
f 5/5/5 6/6/6 7/7/7
f 8/8/8 7/7/7 6/6/6
f 7/7/7 8/8/8 9/9/9
f 10/10/10 9/9/9 8/8/8
f 1/1/1 4/4/4 11/11/11
f 12/12/12 11/11/11 4/4/4
f 11/11/11 12/12/12 13/13/13
f 14/14/14 13/13/13 12/12/12
f 13/13/13 14/14/14 15/15/15
f 16/16/16 15/15/15 14/14/14
f 15/15/15 16/16/16 17/17/17
f 18/18/18 17/17/17 16/16/16
f 17/17/17 18/18/18 19/19/19
f 20/20/20 19/19/19 18/18/18
f 19/19/19 20/20/20 21/21/21
f 22/22/22 21/21/21 20/20/20
f 21/21/21 22/22/22 23/23/23
f 24/24/24 23/23/23 22/22/22
f 23/23/23 24/24/24 25/25/25
f 26/26/26 25/25/25 24/24/24
f 25/25/25 26/26/26 27/27/27
f 28/28/28 27/27/27 26/26/26
f 27/27/27 28/28/28 29/29/29
f 30/30/30 29/29/29 28/28/28
f 29/29/29 30/30/30 31/31/31
f 32/32/32 31/31/31 30/30/30
f 31/31/31 32/32/32 33/33/33
f 34/34/34 33/33/33 32/32/32
f 33/33/33 34/34/34 35/35/35
f 36/36/36 35/35/35 34/34/34
f 35/35/35 36/36/36 37/37/37
f 38/38/38 37/37/37 36/36/36
f 36/36/36 39/39/39 38/38/38
f 40/40/40 38/38/38 39/39/39
f 38/38/38 40/40/40 41/41/41
f 42/42/42 41/41/41 40/40/40
f 39/39/39 36/36/36 43/43/43
f 34/34/34 43/43/43 36/36/36
f 43/43/43 34/34/34 44/44/44
f 32/32/32 44/44/44 34/34/34
f 44/44/44 32/32/32 45/45/45
f 30/30/30 45/45/45 32/32/32
f 45/45/45 30/30/30 46/46/46
f 28/28/28 46/46/46 30/30/30
f 46/46/46 28/28/28 47/47/47
f 26/26/26 47/47/47 28/28/28
f 47/47/47 26/26/26 48/48/48
f 24/24/24 48/48/48 26/26/26
f 48/48/48 24/24/24 49/49/49
f 22/22/22 49/49/49 24/24/24
f 49/49/49 22/22/22 50/50/50
f 20/20/20 50/50/50 22/22/22
f 50/50/50 20/20/20 51/51/51
f 18/18/18 51/51/51 20/20/20
f 51/51/51 18/18/18 52/52/52
f 16/16/16 52/52/52 18/18/18
f 52/52/52 16/16/16 53/53/53
f 14/14/14 53/53/53 16/16/16
f 53/53/53 14/14/14 54/54/54
f 12/12/12 54/54/54 14/14/14
f 54/54/54 12/12/12 55/55/55
f 4/4/4 55/55/55 12/12/12
f 55/55/55 4/4/4 56/56/56
f 2/2/2 56/56/56 4/4/4
f 56/56/56 2/2/2 57/57/57
f 5/5/5 57/57/57 2/2/2
f 57/57/57 5/5/5 58/58/58
f 7/7/7 58/58/58 5/5/5
f 56/56/56 59/59/59 55/55/55
f 60/60/60 55/55/55 59/59/59
f 55/55/55 60/60/60 54/54/54
f 59/59/59 61/61/61 60/60/60
f 62/62/62 60/60/60 61/61/61
f 61/61/61 59/59/59 63/63/63
f 64/64/64 63/63/63 59/59/59
f 59/59/59 56/56/56 64/64/64
f 57/57/57 64/64/64 56/56/56
f 63/63/63 64/64/64 65/65/65
f 66/66/66 65/65/65 64/64/64
f 60/60/60 62/62/62 67/67/67
f 68/68/68 67/67/67 62/62/62
f 67/67/67 68/68/68 69/69/69
f 70/70/70 69/69/69 68/68/68
f 69/69/69 70/70/70 71/71/71
f 72/72/72 71/71/71 70/70/70
f 71/71/71 72/72/72 73/73/73
f 74/74/74 73/73/73 72/72/72
f 73/73/73 74/74/74 75/75/75
f 76/76/76 75/75/75 74/74/74
f 75/75/75 76/76/76 77/77/77
f 78/78/78 77/77/77 76/76/76
f 77/77/77 78/78/78 79/79/79
f 80/80/80 79/79/79 78/78/78
f 79/79/79 80/80/80 81/81/81
f 82/82/82 81/81/81 80/80/80
f 81/81/81 82/82/82 83/83/83
f 84/84/84 83/83/83 82/82/82
f 83/83/83 84/84/84 85/85/85
f 86/86/86 85/85/85 84/84/84
f 85/85/85 86/86/86 87/87/87
f 88/88/88 87/87/87 86/86/86
f 87/87/87 88/88/88 89/89/89
f 90/90/90 89/89/89 88/88/88
f 89/89/89 90/90/90 91/91/91
f 92/92/92 91/91/91 90/90/90
f 91/91/91 92/92/92 93/93/93
f 94/94/94 93/93/93 92/92/92
f 93/93/93 94/94/94 95/95/95
f 96/96/96 95/95/95 94/94/94
f 94/94/94 97/97/97 96/96/96
f 98/98/98 96/96/96 97/97/97
f 97/97/97 99/99/99 98/98/98
f 100/100/100 98/98/98 99/99/99
f 98/98/98 100/100/100 101/101/101
f 102/102/102 101/101/101 100/100/100
f 99/99/99 97/97/97 103/103/103
f 104/104/104 103/103/103 97/97/97
f 97/97/97 94/94/94 104/104/104
f 92/92/92 104/104/104 94/94/94
f 103/103/103 104/104/104 105/105/105
f 106/106/106 105/105/105 104/104/104
f 104/104/104 92/92/92 106/106/106
f 105/105/105 106/106/106 107/107/107
f 108/108/108 107/107/107 106/106/106
f 107/107/107 108/108/108 109/109/109
f 110/110/110 109/109/109 108/108/108
f 109/109/109 110/110/110 111/111/111
f 112/112/112 111/111/111 110/110/110
f 111/111/111 112/112/112 113/113/113
f 114/114/114 113/113/113 112/112/112
f 113/113/113 114/114/114 115/115/115
f 116/116/116 115/115/115 114/114/114
f 115/115/115 116/116/116 117/117/117
f 118/118/118 117/117/117 116/116/116
f 117/117/117 118/118/118 119/119/119
f 120/120/120 119/119/119 118/118/118
f 119/119/119 120/120/120 121/121/121
f 122/122/122 121/121/121 120/120/120
f 121/121/121 122/122/122 123/123/123
f 124/124/124 123/123/123 122/122/122
f 123/123/123 124/124/124 125/125/125
f 126/126/126 125/125/125 124/124/124
f 125/125/125 126/126/126 127/127/127
f 128/128/128 127/127/127 126/126/126
f 127/127/127 128/128/128 129/129/129
f 130/130/130 129/129/129 128/128/128
f 129/129/129 130/130/130 131/131/131
f 132/132/132 131/131/131 130/130/130
f 131/131/131 132/132/132 133/133/133
f 134/134/134 133/133/133 132/132/132
f 131/131/131 135/135/135 129/129/129
f 136/136/136 129/129/129 135/135/135
f 129/129/129 136/136/136 127/127/127
f 135/135/135 137/137/137 136/136/136
f 138/138/138 136/136/136 137/137/137
f 137/137/137 135/135/135 139/139/139
f 140/140/140 139/139/139 135/135/135
f 135/135/135 131/131/131 140/140/140
f 133/133/133 140/140/140 131/131/131
f 139/139/139 140/140/140 141/141/141
f 142/142/142 141/141/141 140/140/140
f 136/136/136 138/138/138 143/143/143
f 144/144/144 143/143/143 138/138/138
f 143/143/143 144/144/144 145/145/145
f 146/146/146 145/145/145 144/144/144
f 145/145/145 146/146/146 147/147/147
f 148/148/148 147/147/147 146/146/146
f 147/147/147 148/148/148 149/149/149
f 150/150/150 149/149/149 148/148/148
f 149/149/149 150/150/150 151/151/151
f 152/152/152 151/151/151 150/150/150
f 151/151/151 152/152/152 153/153/153
f 154/154/154 153/153/153 152/152/152
f 153/153/153 154/154/154 155/155/155
f 156/156/156 155/155/155 154/154/154
f 155/155/155 156/156/156 157/157/157
f 158/158/158 157/157/157 156/156/156
f 157/157/157 158/158/158 159/159/159
f 160/160/160 159/159/159 158/158/158
f 159/159/159 160/160/160 161/161/161
f 162/162/162 161/161/161 160/160/160
f 161/161/161 162/162/162 163/163/163
f 164/164/164 163/163/163 162/162/162
f 163/163/163 164/164/164 165/165/165
f 166/166/166 165/165/165 164/164/164
f 165/165/165 166/166/166 167/167/167
f 168/168/168 167/167/167 166/166/166
f 167/167/167 168/168/168 169/169/169
f 170/170/170 169/169/169 168/168/168
f 169/169/169 170/170/170 171/171/171
f 172/172/172 171/171/171 170/170/170
f 170/170/170 173/173/173 172/172/172
f 174/174/174 172/172/172 173/173/173
f 173/173/173 175/175/175 174/174/174
f 176/176/176 174/174/174 175/175/175
f 175/175/175 173/173/173 177/177/177
f 178/178/178 177/177/177 173/173/173
f 173/173/173 170/170/170 178/178/178
f 168/168/168 178/178/178 170/170/170
f 177/177/177 178/178/178 179/179/179
f 180/180/180 179/179/179 178/178/178
f 178/178/178 168/168/168 180/180/180
f 166/166/166 180/180/180 168/168/168
f 179/179/179 180/180/180 181/181/181
f 182/182/182 181/181/181 180/180/180
f 181/181/181 182/182/182 183/183/183
f 184/184/184 183/183/183 182/182/182
f 183/183/183 184/184/184 185/185/185
f 186/186/186 185/185/185 184/184/184
f 185/185/185 186/186/186 187/187/187
f 188/188/188 187/187/187 186/186/186
f 187/187/187 188/188/188 189/189/189
f 190/190/190 189/189/189 188/188/188
f 189/189/189 190/190/190 191/191/191
f 192/192/192 191/191/191 190/190/190
f 191/191/191 192/192/192 193/193/193
f 194/194/194 193/193/193 192/192/192
f 193/193/193 194/194/194 195/195/195
f 196/196/196 195/195/195 194/194/194
f 195/195/195 196/196/196 197/197/197
f 198/198/198 197/197/197 196/196/196
f 197/197/197 198/198/198 199/199/199
f 200/200/200 199/199/199 198/198/198
f 199/199/199 200/200/200 201/201/201
f 202/202/202 201/201/201 200/200/200
f 201/201/201 202/202/202 203/203/203
f 204/204/204 203/203/203 202/202/202
f 203/203/203 204/204/204 205/205/205
f 206/206/206 205/205/205 204/204/204
f 205/205/205 206/206/206 207/207/207
f 208/208/208 207/207/207 206/206/206
f 207/207/207 208/208/208 209/209/209
f 210/210/210 209/209/209 208/208/208
f 205/205/205 211/211/211 203/203/203
f 205/205/205 207/207/207 211/211/211
f 212/212/212 203/203/203 211/211/211
f 203/203/203 212/212/212 201/201/201
f 204/204/204 138/138/138 206/206/206
f 137/137/137 206/206/206 138/138/138
f 206/206/206 137/137/137 208/208/208
f 213/213/213 211/211/211 207/207/207
f 207/207/207 209/209/209 213/213/213
f 139/139/139 208/208/208 137/137/137
f 208/208/208 139/139/139 210/210/210
f 214/214/214 213/213/213 209/209/209
f 141/141/141 210/210/210 139/139/139
f 214/214/214 209/209/209 215/215/215
f 216/216/216 215/215/215 209/209/209
f 212/212/212 211/211/211 217/217/217
f 218/218/218 217/217/217 211/211/211
f 217/217/217 218/218/218 219/219/219
f 220/220/220 219/219/219 218/218/218
f 218/218/218 221/221/221 220/220/220
f 218/218/218 211/211/211 221/221/221
f 213/213/213 221/221/221 211/211/211
f 222/222/222 220/220/220 221/221/221
f 221/221/221 223/223/223 222/222/222
f 221/221/221 213/213/213 223/223/223
f 214/214/214 223/223/223 213/213/213
f 214/214/214 215/215/215 223/223/223
f 224/224/224 222/222/222 223/223/223
f 219/219/219 225/225/225 217/217/217
f 226/226/226 217/217/217 225/225/225
f 225/225/225 227/227/227 226/226/226
f 228/228/228 226/226/226 227/227/227
f 227/227/227 229/229/229 228/228/228
f 230/230/230 228/228/228 229/229/229
f 229/229/229 231/231/231 230/230/230
f 232/232/232 230/230/230 231/231/231
f 231/231/231 233/233/233 232/232/232
f 234/234/234 232/232/232 233/233/233
f 233/233/233 235/235/235 234/234/234
f 236/236/236 234/234/234 235/235/235
f 235/235/235 237/237/237 236/236/236
f 238/238/238 236/236/236 237/237/237
f 237/237/237 239/239/239 238/238/238
f 240/240/240 238/238/238 239/239/239
f 239/239/239 241/241/241 240/240/240
f 242/242/242 240/240/240 241/241/241
f 241/241/241 243/243/243 242/242/242
f 244/244/244 242/242/242 243/243/243
f 243/243/243 245/245/245 244/244/244
f 246/246/246 244/244/244 245/245/245
f 245/245/245 247/247/247 246/246/246
f 248/248/248 246/246/246 247/247/247
f 247/247/247 249/249/249 248/248/248
f 250/250/250 248/248/248 249/249/249
f 249/249/249 251/251/251 250/250/250
f 252/252/252 250/250/250 251/251/251
f 251/251/251 253/253/253 252/252/252
f 254/254/254 252/252/252 253/253/253
f 253/253/253 251/251/251 255/255/255
f 256/256/256 255/255/255 251/251/251
f 251/251/251 249/249/249 256/256/256
f 255/255/255 256/256/256 257/257/257
f 258/258/258 257/257/257 256/256/256
f 256/256/256 259/259/259 258/258/258
f 259/259/259 256/256/256 249/249/249
f 249/249/249 247/247/247 259/259/259
f 260/260/260 258/258/258 259/259/259
f 259/259/259 261/261/261 260/260/260
f 261/261/261 259/259/259 247/247/247
f 262/262/262 260/260/260 261/261/261
f 261/261/261 263/263/263 262/262/262
f 264/264/264 262/262/262 263/263/263
f 263/263/263 265/265/265 264/264/264
f 266/266/266 264/264/264 265/265/265
f 265/265/265 267/267/267 266/266/266
f 268/268/268 266/266/266 267/267/267
f 267/267/267 269/269/269 268/268/268
f 270/270/270 268/268/268 269/269/269
f 269/269/269 271/271/271 270/270/270
f 272/272/272 270/270/270 271/271/271
f 271/271/271 273/273/273 272/272/272
f 274/274/274 272/272/272 273/273/273
f 273/273/273 275/275/275 274/274/274
f 276/276/276 274/274/274 275/275/275
f 275/275/275 277/277/277 276/276/276
f 278/278/278 276/276/276 277/277/277
f 277/277/277 279/279/279 278/278/278
f 280/280/280 278/278/278 279/279/279
f 279/279/279 281/281/281 280/280/280
f 282/282/282 280/280/280 281/281/281
f 281/281/281 283/283/283 282/282/282
f 284/284/284 282/282/282 283/283/283
f 283/283/283 285/285/285 284/284/284
f 286/286/286 284/284/284 285/285/285
f 285/285/285 287/287/287 286/286/286
f 288/288/288 286/286/286 287/287/287
f 287/287/287 289/289/289 288/288/288
f 290/290/290 288/288/288 289/289/289
f 289/289/289 291/291/291 290/290/290
f 292/292/292 290/290/290 291/291/291
f 287/287/287 285/285/285 220/220/220
f 219/219/219 220/220/220 285/285/285
f 285/285/285 283/283/283 219/219/219
f 286/286/286 288/288/288 293/293/293
f 294/294/294 293/293/293 288/288/288
f 288/288/288 290/290/290 294/294/294
f 293/293/293 294/294/294 295/295/295
f 296/296/296 295/295/295 294/294/294
f 294/294/294 297/297/297 296/296/296
f 297/297/297 294/294/294 290/290/290
f 298/298/298 296/296/296 297/297/297
f 295/295/295 299/299/299 293/293/293
f 300/300/300 293/293/293 299/299/299
f 299/299/299 301/301/301 300/300/300
f 302/302/302 300/300/300 301/301/301
f 301/301/301 303/303/303 302/302/302
f 304/304/304 302/302/302 303/303/303
f 303/303/303 305/305/305 304/304/304
f 306/306/306 304/304/304 305/305/305
f 305/305/305 307/307/307 306/306/306
f 308/308/308 306/306/306 307/307/307
f 307/307/307 309/309/309 308/308/308
f 310/310/310 308/308/308 309/309/309
f 309/309/309 311/311/311 310/310/310
f 312/312/312 310/310/310 311/311/311
f 311/311/311 313/313/313 312/312/312
f 314/314/314 312/312/312 313/313/313
f 313/313/313 315/315/315 314/314/314
f 316/316/316 314/314/314 315/315/315
f 315/315/315 317/317/317 316/316/316
f 318/318/318 316/316/316 317/317/317
f 317/317/317 319/319/319 318/318/318
f 320/320/320 318/318/318 319/319/319
f 319/319/319 321/321/321 320/320/320
f 322/322/322 320/320/320 321/321/321
f 321/321/321 323/323/323 322/322/322
f 324/324/324 322/322/322 323/323/323
f 323/323/323 325/325/325 324/324/324
f 326/326/326 324/324/324 325/325/325
f 325/325/325 327/327/327 326/326/326
f 328/328/328 326/326/326 327/327/327
f 327/327/327 329/329/329 328/328/328
f 330/330/330 328/328/328 329/329/329
f 328/328/328 330/330/330 257/257/257
f 331/331/331 257/257/257 330/330/330
f 329/329/329 327/327/327 332/332/332
f 333/333/333 332/332/332 327/327/327
f 327/327/327 325/325/325 333/333/333
f 326/326/326 328/328/328 258/258/258
f 257/257/257 258/258/258 328/328/328
f 334/334/334 333/333/333 325/325/325
f 325/325/325 323/323/323 334/334/334
f 333/333/333 334/334/334 335/335/335
f 336/336/336 335/335/335 334/334/334
f 334/334/334 337/337/337 336/336/336
f 338/338/338 336/336/336 337/337/337
f 337/337/337 339/339/339 338/338/338
f 340/340/340 338/338/338 339/339/339
f 339/339/339 341/341/341 340/340/340
f 342/342/342 340/340/340 341/341/341
f 341/341/341 343/343/343 342/342/342
f 344/344/344 342/342/342 343/343/343
f 343/343/343 345/345/345 344/344/344
f 346/346/346 344/344/344 345/345/345
f 345/345/345 347/347/347 346/346/346
f 348/348/348 346/346/346 347/347/347
f 347/347/347 349/349/349 348/348/348
f 350/350/350 348/348/348 349/349/349
f 349/349/349 351/351/351 350/350/350
f 352/352/352 350/350/350 351/351/351
f 351/351/351 353/353/353 352/352/352
f 354/354/354 352/352/352 353/353/353
f 353/353/353 355/355/355 354/354/354
f 356/356/356 354/354/354 355/355/355
f 355/355/355 357/357/357 356/356/356
f 358/358/358 356/356/356 357/357/357
f 357/357/357 359/359/359 358/358/358
f 360/360/360 358/358/358 359/359/359
f 359/359/359 361/361/361 360/360/360
f 362/362/362 360/360/360 361/361/361
f 361/361/361 363/363/363 362/362/362
f 364/364/364 362/362/362 363/363/363
f 363/363/363 365/365/365 364/364/364
f 366/366/366 364/364/364 365/365/365
f 365/365/365 367/367/367 366/366/366
f 368/368/368 366/366/366 367/367/367
f 367/367/367 369/369/369 368/368/368
f 370/370/370 368/368/368 369/369/369
f 365/365/365 363/363/363 296/296/296
f 295/295/295 296/296/296 363/363/363
f 363/363/363 361/361/361 295/295/295
f 364/364/364 366/366/366 371/371/371
f 372/372/372 371/371/371 366/366/366
f 366/366/366 368/368/368 372/372/372
f 371/371/371 372/372/372 373/373/373
f 374/374/374 373/373/373 372/372/372
f 373/373/373 374/374/374 375/375/375
f 376/376/376 375/375/375 374/374/374
f 374/374/374 377/377/377 376/376/376
f 378/378/378 376/376/376 377/377/377
f 377/377/377 379/379/379 378/378/378
f 380/380/380 378/378/378 379/379/379
f 379/379/379 381/381/381 380/380/380
f 382/382/382 380/380/380 381/381/381
f 375/375/375 383/383/383 373/373/373
f 384/384/384 373/373/373 383/383/383
f 373/373/373 384/384/384 371/371/371
f 383/383/383 385/385/385 384/384/384
f 386/386/386 384/384/384 385/385/385
f 385/385/385 387/387/387 386/386/386
f 388/388/388 386/386/386 387/387/387
f 387/387/387 389/389/389 388/388/388
f 390/390/390 388/388/388 389/389/389
f 389/389/389 391/391/391 390/390/390
f 392/392/392 390/390/390 391/391/391
f 379/379/379 377/377/377 393/393/393
f 394/394/394 393/393/393 377/377/377
f 377/377/377 374/374/374 394/394/394
f 372/372/372 394/394/394 374/374/374
f 390/390/390 392/392/392 395/395/395
f 396/396/396 395/395/395 392/392/392
f 392/392/392 397/397/397 396/396/396
f 397/397/397 392/392/392 398/398/398
f 398/398/398 399/399/399 397/397/397
f 400/400/400 397/397/397 399/399/399
f 399/399/399 401/401/401 400/400/400
f 402/402/402 400/400/400 401/401/401
f 401/401/401 403/403/403 402/402/402
f 404/404/404 402/402/402 403/403/403
f 403/403/403 405/405/405 404/404/404
f 406/406/406 404/404/404 405/405/405
f 405/405/405 407/407/407 406/406/406
f 408/408/408 406/406/406 407/407/407
f 407/407/407 409/409/409 408/408/408
f 410/410/410 408/408/408 409/409/409
f 409/409/409 411/411/411 410/410/410
f 412/412/412 410/410/410 411/411/411
f 411/411/411 413/413/413 412/412/412
f 414/414/414 412/412/412 413/413/413
f 412/412/412 414/414/414 415/415/415
f 416/416/416 415/415/415 414/414/414
f 414/414/414 417/417/417 416/416/416
f 418/418/418 416/416/416 417/417/417
f 410/410/410 412/412/412 419/419/419
f 415/415/415 419/419/419 412/412/412
f 408/408/408 410/410/410 420/420/420
f 419/419/419 420/420/420 410/410/410
f 406/406/406 408/408/408 421/421/421
f 420/420/420 421/421/421 408/408/408
f 421/421/421 422/422/422 406/406/406
f 413/413/413 411/411/411 423/423/423
f 424/424/424 423/423/423 411/411/411
f 411/411/411 409/409/409 424/424/424
f 423/423/423 424/424/424 425/425/425
f 426/426/426 425/425/425 424/424/424
f 424/424/424 427/427/427 426/426/426
f 428/428/428 426/426/426 427/427/427
f 427/427/427 429/429/429 428/428/428
f 430/430/430 428/428/428 429/429/429
f 429/429/429 431/431/431 430/430/430
f 432/432/432 430/430/430 431/431/431
f 431/431/431 433/433/433 432/432/432
f 434/434/434 432/432/432 433/433/433
f 433/433/433 435/435/435 434/434/434
f 436/436/436 434/434/434 435/435/435
f 435/435/435 437/437/437 436/436/436
f 438/438/438 436/436/436 437/437/437
f 437/437/437 439/439/439 438/438/438
f 440/440/440 438/438/438 439/439/439
f 439/439/439 441/441/441 440/440/440
f 442/442/442 440/440/440 441/441/441
f 441/441/441 443/443/443 442/442/442
f 444/444/444 442/442/442 443/443/443
f 443/443/443 445/445/445 444/444/444
f 446/446/446 444/444/444 445/445/445
f 445/445/445 447/447/447 446/446/446
f 448/448/448 446/446/446 447/447/447
f 447/447/447 449/449/449 448/448/448
f 450/450/450 448/448/448 449/449/449
f 449/449/449 451/451/451 450/450/450
f 452/452/452 450/450/450 451/451/451
f 451/451/451 453/453/453 452/452/452
f 454/454/454 452/452/452 453/453/453
f 453/453/453 455/455/455 454/454/454
f 456/456/456 454/454/454 455/455/455
f 455/455/455 457/457/457 456/456/456
f 458/458/458 456/456/456 457/457/457
f 457/457/457 459/459/459 458/458/458
f 460/460/460 458/458/458 459/459/459
f 453/453/453 451/451/451 376/376/376
f 375/375/375 376/376/376 451/451/451
f 451/451/451 449/449/449 375/375/375
f 376/376/376 378/378/378 453/453/453
f 455/455/455 453/453/453 378/378/378
f 378/378/378 380/380/380 455/455/455
f 457/457/457 455/455/455 380/380/380
f 380/380/380 382/382/382 457/457/457
f 459/459/459 457/457/457 382/382/382
f 452/452/452 454/454/454 461/461/461
f 462/462/462 461/461/461 454/454/454
f 454/454/454 456/456/456 462/462/462
f 461/461/461 462/462/462 463/463/463
f 464/464/464 463/463/463 462/462/462
f 462/462/462 465/465/465 464/464/464
f 465/465/465 462/462/462 456/456/456
f 456/456/456 458/458/458 465/465/465
f 466/466/466 464/464/464 465/465/465
f 465/465/465 467/467/467 466/466/466
f 467/467/467 465/465/465 458/458/458
f 458/458/458 460/460/460 467/467/467
f 468/468/468 466/466/466 467/467/467
f 467/467/467 469/469/469 468/468/468
f 469/469/469 467/467/467 460/460/460
f 470/470/470 468/468/468 469/469/469
f 463/463/463 471/471/471 461/461/461
f 472/472/472 461/461/461 471/471/471
f 471/471/471 473/473/473 472/472/472
f 474/474/474 472/472/472 473/473/473
f 473/473/473 475/475/475 474/474/474
f 476/476/476 474/474/474 475/475/475
f 475/475/475 477/477/477 476/476/476
f 478/478/478 476/476/476 477/477/477
f 477/477/477 479/479/479 478/478/478
f 480/480/480 478/478/478 479/479/479
f 479/479/479 481/481/481 480/480/480
f 482/482/482 480/480/480 481/481/481
f 481/481/481 483/483/483 482/482/482
f 484/484/484 482/482/482 483/483/483
f 483/483/483 485/485/485 484/484/484
f 486/486/486 484/484/484 485/485/485
f 485/485/485 487/487/487 486/486/486
f 488/488/488 486/486/486 487/487/487
f 487/487/487 489/489/489 488/488/488
f 490/490/490 488/488/488 489/489/489
f 489/489/489 491/491/491 490/490/490
f 492/492/492 490/490/490 491/491/491
f 491/491/491 493/493/493 492/492/492
f 494/494/494 492/492/492 493/493/493
f 493/493/493 495/495/495 494/494/494
f 496/496/496 494/494/494 495/495/495
f 495/495/495 497/497/497 496/496/496
f 498/498/498 496/496/496 497/497/497
f 497/497/497 495/495/495 499/499/499
f 500/500/500 499/499/499 495/495/495
f 495/495/495 493/493/493 500/500/500
f 496/496/496 498/498/498 426/426/426
f 425/425/425 426/426/426 498/498/498
f 501/501/501 500/500/500 493/493/493
f 493/493/493 491/491/491 501/501/501
f 500/500/500 501/501/501 502/502/502
f 503/503/503 502/502/502 501/501/501
f 501/501/501 504/504/504 503/503/503
f 504/504/504 501/501/501 491/491/491
f 505/505/505 503/503/503 504/504/504
f 504/504/504 506/506/506 505/505/505
f 507/507/507 505/505/505 506/506/506
f 506/506/506 508/508/508 507/507/507
f 509/509/509 507/507/507 508/508/508
f 508/508/508 510/510/510 509/509/509
f 511/511/511 509/509/509 510/510/510
f 510/510/510 512/512/512 511/511/511
f 513/513/513 511/511/511 512/512/512
f 512/512/512 514/514/514 513/513/513
f 515/515/515 513/513/513 514/514/514
f 514/514/514 516/516/516 515/515/515
f 517/517/517 515/515/515 516/516/516
f 516/516/516 518/518/518 517/517/517
f 519/519/519 517/517/517 518/518/518
f 518/518/518 520/520/520 519/519/519
f 521/521/521 519/519/519 520/520/520
f 520/520/520 522/522/522 521/521/521
f 523/523/523 521/521/521 522/522/522
f 522/522/522 524/524/524 523/523/523
f 525/525/525 523/523/523 524/524/524
f 524/524/524 526/526/526 525/525/525
f 527/527/527 525/525/525 526/526/526
f 526/526/526 528/528/528 527/527/527
f 529/529/529 527/527/527 528/528/528
f 528/528/528 530/530/530 529/529/529
f 531/531/531 529/529/529 530/530/530
f 530/530/530 532/532/532 531/531/531
f 533/533/533 531/531/531 532/532/532
f 532/532/532 534/534/534 533/533/533
f 535/535/535 533/533/533 534/534/534
f 534/534/534 536/536/536 535/535/535
f 537/537/537 535/535/535 536/536/536
f 527/527/527 529/529/529 538/538/538
f 539/539/539 538/538/538 529/529/529
f 529/529/529 531/531/531 539/539/539
f 538/538/538 539/539/539 540/540/540
f 541/541/541 540/540/540 539/539/539
f 539/539/539 542/542/542 541/541/541
f 542/542/542 539/539/539 531/531/531
f 531/531/531 533/533/533 542/542/542
f 543/543/543 541/541/541 542/542/542
f 542/542/542 544/544/544 543/543/543
f 544/544/544 542/542/542 533/533/533
f 533/533/533 535/535/535 544/544/544
f 545/545/545 543/543/543 544/544/544
f 544/544/544 546/546/546 545/545/545
f 546/546/546 544/544/544 535/535/535
f 535/535/535 537/537/537 546/546/546
f 547/547/547 545/545/545 546/546/546
f 546/546/546 548/548/548 547/547/547
f 548/548/548 546/546/546 537/537/537
f 549/549/549 547/547/547 548/548/548
f 540/540/540 550/550/550 538/538/538
f 551/551/551 538/538/538 550/550/550
f 550/550/550 552/552/552 551/551/551
f 553/553/553 551/551/551 552/552/552
f 552/552/552 554/554/554 553/553/553
f 555/555/555 553/553/553 554/554/554
f 554/554/554 556/556/556 555/555/555
f 557/557/557 555/555/555 556/556/556
f 556/556/556 558/558/558 557/557/557
f 559/559/559 557/557/557 558/558/558
f 558/558/558 560/560/560 559/559/559
f 561/561/561 559/559/559 560/560/560
f 560/560/560 562/562/562 561/561/561
f 563/563/563 561/561/561 562/562/562
f 562/562/562 564/564/564 563/563/563
f 565/565/565 563/563/563 564/564/564
f 564/564/564 566/566/566 565/565/565
f 567/567/567 565/565/565 566/566/566
f 566/566/566 568/568/568 567/567/567
f 569/569/569 567/567/567 568/568/568
f 568/568/568 570/570/570 569/569/569
f 571/571/571 569/569/569 570/570/570
f 570/570/570 572/572/572 571/571/571
f 573/573/573 571/571/571 572/572/572
f 572/572/572 574/574/574 573/573/573
f 575/575/575 573/573/573 574/574/574
f 574/574/574 572/572/572 576/576/576
f 576/576/576 577/577/577 574/574/574
f 578/578/578 574/574/574 577/577/577
f 579/579/579 576/576/576 572/572/572
f 572/572/572 570/570/570 579/579/579
f 576/576/576 579/579/579 580/580/580
f 581/581/581 580/580/580 579/579/579
f 579/579/579 582/582/582 581/581/581
f 582/582/582 579/579/579 570/570/570
f 570/570/570 568/568/568 582/582/582
f 583/583/583 581/581/581 582/582/582
f 582/582/582 584/584/584 583/583/583
f 585/585/585 583/583/583 584/584/584
f 584/584/584 586/586/586 585/585/585
f 587/587/587 585/585/585 586/586/586
f 586/586/586 588/588/588 587/587/587
f 589/589/589 587/587/587 588/588/588
f 588/588/588 590/590/590 589/589/589
f 591/591/591 589/589/589 590/590/590
f 590/590/590 592/592/592 591/591/591
f 593/593/593 591/591/591 592/592/592
f 592/592/592 594/594/594 593/593/593
f 595/595/595 593/593/593 594/594/594
f 594/594/594 596/596/596 595/595/595
f 597/597/597 595/595/595 596/596/596
f 596/596/596 598/598/598 597/597/597
f 599/599/599 597/597/597 598/598/598
f 598/598/598 600/600/600 599/599/599
f 601/601/601 599/599/599 600/600/600
f 600/600/600 602/602/602 601/601/601
f 603/603/603 601/601/601 602/602/602
f 602/602/602 604/604/604 603/603/603
f 605/605/605 603/603/603 604/604/604
f 604/604/604 606/606/606 605/605/605
f 607/607/607 605/605/605 606/606/606
f 606/606/606 608/608/608 607/607/607
f 609/609/609 607/607/607 608/608/608
f 608/608/608 610/610/610 609/609/609
f 611/611/611 609/609/609 610/610/610
f 610/610/610 612/612/612 611/611/611
f 613/613/613 611/611/611 612/612/612
f 612/612/612 614/614/614 613/613/613
f 615/615/615 613/613/613 614/614/614
f 605/605/605 607/607/607 616/616/616
f 617/617/617 616/616/616 607/607/607
f 607/607/607 609/609/609 617/617/617
f 606/606/606 604/604/604 541/541/541
f 540/540/540 541/541/541 604/604/604
f 618/618/618 617/617/617 609/609/609
f 609/609/609 611/611/611 618/618/618
f 541/541/541 543/543/543 606/606/606
f 608/608/608 606/606/606 543/543/543
f 619/619/619 618/618/618 611/611/611
f 611/611/611 613/613/613 619/619/619
f 543/543/543 545/545/545 608/608/608
f 610/610/610 608/608/608 545/545/545
f 620/620/620 619/619/619 613/613/613
f 613/613/613 615/615/615 620/620/620
f 545/545/545 547/547/547 610/610/610
f 612/612/612 610/610/610 547/547/547
f 621/621/621 620/620/620 615/615/615
f 616/616/616 622/622/622 605/605/605
f 603/603/603 605/605/605 622/622/622
f 622/622/622 623/623/623 603/603/603
f 601/601/601 603/603/603 623/623/623
f 623/623/623 624/624/624 601/601/601
f 599/599/599 601/601/601 624/624/624
f 624/624/624 625/625/625 599/599/599
f 597/597/597 599/599/599 625/625/625
f 625/625/625 626/626/626 597/597/597
f 595/595/595 597/597/597 626/626/626
f 626/626/626 627/627/627 595/595/595
f 593/593/593 595/595/595 627/627/627
f 627/627/627 628/628/628 593/593/593
f 591/591/591 593/593/593 628/628/628
f 628/628/628 629/629/629 591/591/591
f 589/589/589 591/591/591 629/629/629
f 629/629/629 630/630/630 589/589/589
f 587/587/587 589/589/589 630/630/630
f 630/630/630 631/631/631 587/587/587
f 585/585/585 587/587/587 631/631/631
f 631/631/631 632/632/632 585/585/585
f 583/583/583 585/585/585 632/632/632
f 632/632/632 633/633/633 583/583/583
f 581/581/581 583/583/583 633/633/633
f 633/633/633 634/634/634 581/581/581
f 580/580/580 581/581/581 634/634/634
f 637/637/637 636/636/636 635/635/635
f 638/638/638 635/635/635 636/636/636
f 636/636/636 637/637/637 639/639/639
f 640/640/640 639/639/639 637/637/637
f 639/639/639 640/640/640 641/641/641
f 642/642/642 641/641/641 640/640/640
f 641/641/641 642/642/642 643/643/643
f 644/644/644 643/643/643 642/642/642
f 643/643/643 644/644/644 645/645/645
f 646/646/646 645/645/645 644/644/644
f 635/635/635 638/638/638 647/647/647
f 648/648/648 647/647/647 638/638/638
f 647/647/647 648/648/648 649/649/649
f 650/650/650 649/649/649 648/648/648
f 649/649/649 650/650/650 651/651/651
f 652/652/652 651/651/651 650/650/650
f 651/651/651 652/652/652 653/653/653
f 654/654/654 653/653/653 652/652/652
f 653/653/653 654/654/654 655/655/655
f 656/656/656 655/655/655 654/654/654
f 655/655/655 656/656/656 657/657/657
f 658/658/658 657/657/657 656/656/656
f 657/657/657 658/658/658 659/659/659
f 660/660/660 659/659/659 658/658/658
f 659/659/659 660/660/660 661/661/661
f 662/662/662 661/661/661 660/660/660
f 661/661/661 662/662/662 663/663/663
f 664/664/664 663/663/663 662/662/662
f 663/663/663 664/664/664 665/665/665
f 666/666/666 665/665/665 664/664/664
f 665/665/665 666/666/666 667/667/667
f 668/668/668 667/667/667 666/666/666
f 667/667/667 668/668/668 669/669/669
f 670/670/670 669/669/669 668/668/668
f 669/669/669 670/670/670 671/671/671
f 672/672/672 671/671/671 670/670/670
f 671/671/671 673/673/673 669/669/669
f 674/674/674 669/669/669 673/673/673
f 669/669/669 674/674/674 667/667/667
f 670/670/670 675/675/675 672/672/672
f 676/676/676 672/672/672 675/675/675
f 675/675/675 677/677/677 676/676/676
f 678/678/678 676/676/676 677/677/677
f 677/677/677 675/675/675 679/679/679
f 680/680/680 679/679/679 675/675/675
f 668/668/668 680/680/680 670/670/670
f 675/675/675 670/670/670 680/680/680
f 679/679/679 680/680/680 681/681/681
f 682/682/682 681/681/681 680/680/680
f 680/680/680 668/668/668 682/682/682
f 681/681/681 682/682/682 683/683/683
f 684/684/684 683/683/683 682/682/682
f 683/683/683 684/684/684 685/685/685
f 686/686/686 685/685/685 684/684/684
f 685/685/685 686/686/686 687/687/687
f 688/688/688 687/687/687 686/686/686
f 687/687/687 688/688/688 689/689/689
f 690/690/690 689/689/689 688/688/688
f 689/689/689 690/690/690 691/691/691
f 692/692/692 691/691/691 690/690/690
f 691/691/691 692/692/692 693/693/693
f 694/694/694 693/693/693 692/692/692
f 693/693/693 694/694/694 695/695/695
f 696/696/696 695/695/695 694/694/694
f 695/695/695 696/696/696 697/697/697
f 698/698/698 697/697/697 696/696/696
f 697/697/697 698/698/698 699/699/699
f 700/700/700 699/699/699 698/698/698
f 699/699/699 700/700/700 701/701/701
f 702/702/702 701/701/701 700/700/700
f 701/701/701 702/702/702 703/703/703
f 704/704/704 703/703/703 702/702/702
f 703/703/703 704/704/704 705/705/705
f 706/706/706 705/705/705 704/704/704
f 705/705/705 706/706/706 707/707/707
f 708/708/708 707/707/707 706/706/706
f 707/707/707 708/708/708 709/709/709
f 710/710/710 709/709/709 708/708/708
f 709/709/709 710/710/710 711/711/711
f 712/712/712 711/711/711 710/710/710
f 702/702/702 638/638/638 704/704/704
f 636/636/636 704/704/704 638/638/638
f 704/704/704 636/636/636 706/706/706
f 703/703/703 713/713/713 701/701/701
f 714/714/714 701/701/701 713/713/713
f 713/713/713 715/715/715 714/714/714
f 716/716/716 714/714/714 715/715/715
f 715/715/715 713/713/713 717/717/717
f 718/718/718 717/717/717 713/713/713
f 717/717/717 718/718/718 719/719/719
f 720/720/720 719/719/719 718/718/718
f 719/719/719 720/720/720 721/721/721
f 722/722/722 721/721/721 720/720/720
f 721/721/721 722/722/722 723/723/723
f 724/724/724 723/723/723 722/722/722
f 714/714/714 716/716/716 725/725/725
f 726/726/726 725/725/725 716/716/716
f 725/725/725 726/726/726 727/727/727
f 728/728/728 727/727/727 726/726/726
f 727/727/727 728/728/728 729/729/729
f 730/730/730 729/729/729 728/728/728
f 729/729/729 730/730/730 731/731/731
f 732/732/732 731/731/731 730/730/730
f 731/731/731 732/732/732 733/733/733
f 734/734/734 733/733/733 732/732/732
f 733/733/733 734/734/734 735/735/735
f 736/736/736 735/735/735 734/734/734
f 735/735/735 736/736/736 737/737/737
f 738/738/738 737/737/737 736/736/736
f 737/737/737 738/738/738 739/739/739
f 740/740/740 739/739/739 738/738/738
f 739/739/739 740/740/740 741/741/741
f 742/742/742 741/741/741 740/740/740
f 741/741/741 742/742/742 743/743/743
f 744/744/744 743/743/743 742/742/742
f 743/743/743 744/744/744 745/745/745
f 746/746/746 745/745/745 744/744/744
f 745/745/745 746/746/746 747/747/747
f 748/748/748 747/747/747 746/746/746
f 747/747/747 748/748/748 749/749/749
f 750/750/750 749/749/749 748/748/748
f 749/749/749 678/678/678 747/747/747
f 677/677/677 747/747/747 678/678/678
f 747/747/747 677/677/677 745/745/745
f 748/748/748 751/751/751 750/750/750
f 752/752/752 750/750/750 751/751/751
f 751/751/751 753/753/753 752/752/752
f 754/754/754 752/752/752 753/753/753
f 752/752/752 754/754/754 755/755/755
f 756/756/756 755/755/755 754/754/754
f 753/753/753 751/751/751 757/757/757
f 758/758/758 757/757/757 751/751/751
f 746/746/746 758/758/758 748/748/748
f 751/751/751 748/748/748 758/758/758
f 757/757/757 758/758/758 759/759/759
f 760/760/760 759/759/759 758/758/758
f 759/759/759 760/760/760 761/761/761
f 762/762/762 761/761/761 760/760/760
f 761/761/761 762/762/762 763/763/763
f 764/764/764 763/763/763 762/762/762
f 763/763/763 764/764/764 765/765/765
f 766/766/766 765/765/765 764/764/764
f 765/765/765 766/766/766 767/767/767
f 768/768/768 767/767/767 766/766/766
f 767/767/767 768/768/768 769/769/769
f 770/770/770 769/769/769 768/768/768
f 769/769/769 770/770/770 771/771/771
f 772/772/772 771/771/771 770/770/770
f 771/771/771 772/772/772 773/773/773
f 774/774/774 773/773/773 772/772/772
f 773/773/773 774/774/774 775/775/775
f 776/776/776 775/775/775 774/774/774
f 775/775/775 776/776/776 777/777/777
f 778/778/778 777/777/777 776/776/776
f 777/777/777 778/778/778 779/779/779
f 780/780/780 779/779/779 778/778/778
f 779/779/779 780/780/780 781/781/781
f 782/782/782 781/781/781 780/780/780
f 781/781/781 782/782/782 783/783/783
f 784/784/784 783/783/783 782/782/782
f 783/783/783 784/784/784 785/785/785
f 786/786/786 785/785/785 784/784/784
f 785/785/785 786/786/786 787/787/787
f 788/788/788 787/787/787 786/786/786
f 780/780/780 716/716/716 782/782/782
f 715/715/715 782/782/782 716/716/716
f 782/782/782 715/715/715 784/784/784
f 781/781/781 789/789/789 779/779/779
f 790/790/790 779/779/779 789/789/789
f 779/779/779 790/790/790 777/777/777
f 789/789/789 791/791/791 790/790/790
f 792/792/792 790/790/790 791/791/791
f 791/791/791 789/789/789 793/793/793
f 794/794/794 793/793/793 789/789/789
f 783/783/783 794/794/794 781/781/781
f 789/789/789 781/781/781 794/794/794
f 793/793/793 794/794/794 795/795/795
f 796/796/796 795/795/795 794/794/794
f 785/785/785 796/796/796 783/783/783
f 794/794/794 783/783/783 796/796/796
f 795/795/795 796/796/796 797/797/797
f 798/798/798 797/797/797 796/796/796
f 787/787/787 798/798/798 785/785/785
f 796/796/796 785/785/785 798/798/798
f 790/790/790 792/792/792 799/799/799
f 800/800/800 799/799/799 792/792/792
f 799/799/799 800/800/800 801/801/801
f 802/802/802 801/801/801 800/800/800
f 801/801/801 802/802/802 803/803/803
f 804/804/804 803/803/803 802/802/802
f 803/803/803 804/804/804 805/805/805
f 806/806/806 805/805/805 804/804/804
f 805/805/805 806/806/806 807/807/807
f 808/808/808 807/807/807 806/806/806
f 807/807/807 808/808/808 809/809/809
f 810/810/810 809/809/809 808/808/808
f 809/809/809 810/810/810 811/811/811
f 812/812/812 811/811/811 810/810/810
f 811/811/811 812/812/812 813/813/813
f 814/814/814 813/813/813 812/812/812
f 813/813/813 814/814/814 815/815/815
f 816/816/816 815/815/815 814/814/814
f 815/815/815 816/816/816 817/817/817
f 818/818/818 817/817/817 816/816/816
f 817/817/817 818/818/818 819/819/819
f 820/820/820 819/819/819 818/818/818
f 819/819/819 820/820/820 821/821/821
f 822/822/822 821/821/821 820/820/820
f 821/821/821 822/822/822 823/823/823
f 824/824/824 823/823/823 822/822/822
f 823/823/823 824/824/824 825/825/825
f 826/826/826 825/825/825 824/824/824
f 824/824/824 35/35/35 826/826/826
f 37/37/37 826/826/826 35/35/35
f 822/822/822 33/33/33 824/824/824
f 35/35/35 824/824/824 33/33/33
f 820/820/820 31/31/31 822/822/822
f 33/33/33 822/822/822 31/31/31
f 818/818/818 29/29/29 820/820/820
f 31/31/31 820/820/820 29/29/29
f 816/816/816 27/27/27 818/818/818
f 29/29/29 818/818/818 27/27/27
f 27/27/27 816/816/816 25/25/25
f 814/814/814 25/25/25 816/816/816
f 25/25/25 814/814/814 23/23/23
f 812/812/812 23/23/23 814/814/814
f 23/23/23 812/812/812 21/21/21
f 810/810/810 21/21/21 812/812/812
f 21/21/21 810/810/810 19/19/19
f 808/808/808 19/19/19 810/810/810
f 19/19/19 808/808/808 17/17/17
f 806/806/806 17/17/17 808/808/808
f 17/17/17 806/806/806 15/15/15
f 804/804/804 15/15/15 806/806/806
f 15/15/15 804/804/804 13/13/13
f 802/802/802 13/13/13 804/804/804
f 13/13/13 802/802/802 11/11/11
f 800/800/800 11/11/11 802/802/802
f 11/11/11 800/800/800 1/1/1
f 792/792/792 1/1/1 800/800/800
f 1/1/1 792/792/792 3/3/3
f 791/791/791 3/3/3 792/792/792
f 3/3/3 791/791/791 6/6/6
f 793/793/793 6/6/6 791/791/791
f 6/6/6 793/793/793 8/8/8
f 795/795/795 8/8/8 793/793/793
f 8/8/8 795/795/795 10/10/10
f 797/797/797 10/10/10 795/795/795
f 828/828/828 637/637/637 827/827/827
f 635/635/635 827/827/827 637/637/637
f 637/637/637 828/828/828 640/640/640
f 829/829/829 640/640/640 828/828/828
f 640/640/640 829/829/829 642/642/642
f 830/830/830 642/642/642 829/829/829
f 642/642/642 830/830/830 644/644/644
f 831/831/831 644/644/644 830/830/830
f 644/644/644 831/831/831 646/646/646
f 832/832/832 646/646/646 831/831/831
f 827/827/827 635/635/635 833/833/833
f 647/647/647 833/833/833 635/635/635
f 833/833/833 647/647/647 834/834/834
f 649/649/649 834/834/834 647/647/647
f 834/834/834 649/649/649 835/835/835
f 651/651/651 835/835/835 649/649/649
f 835/835/835 651/651/651 836/836/836
f 653/653/653 836/836/836 651/651/651
f 836/836/836 653/653/653 837/837/837
f 655/655/655 837/837/837 653/653/653
f 837/837/837 655/655/655 838/838/838
f 657/657/657 838/838/838 655/655/655
f 838/838/838 657/657/657 839/839/839
f 659/659/659 839/839/839 657/657/657
f 839/839/839 659/659/659 840/840/840
f 661/661/661 840/840/840 659/659/659
f 840/840/840 661/661/661 841/841/841
f 663/663/663 841/841/841 661/661/661
f 841/841/841 663/663/663 842/842/842
f 665/665/665 842/842/842 663/663/663
f 842/842/842 665/665/665 843/843/843
f 667/667/667 843/843/843 665/665/665
f 843/843/843 667/667/667 674/674/674
f 130/130/130 62/62/62 132/132/132
f 61/61/61 132/132/132 62/62/62
f 132/132/132 61/61/61 134/134/134
f 63/63/63 134/134/134 61/61/61
f 62/62/62 130/130/130 68/68/68
f 128/128/128 68/68/68 130/130/130
f 68/68/68 128/128/128 70/70/70
f 126/126/126 70/70/70 128/128/128
f 70/70/70 126/126/126 72/72/72
f 124/124/124 72/72/72 126/126/126
f 72/72/72 124/124/124 74/74/74
f 122/122/122 74/74/74 124/124/124
f 74/74/74 122/122/122 76/76/76
f 120/120/120 76/76/76 122/122/122
f 76/76/76 120/120/120 78/78/78
f 118/118/118 78/78/78 120/120/120
f 78/78/78 118/118/118 80/80/80
f 116/116/116 80/80/80 118/118/118
f 80/80/80 116/116/116 82/82/82
f 114/114/114 82/82/82 116/116/116
f 82/82/82 114/114/114 84/84/84
f 112/112/112 84/84/84 114/114/114
f 84/84/84 112/112/112 86/86/86
f 110/110/110 86/86/86 112/112/112
f 86/86/86 110/110/110 88/88/88
f 108/108/108 88/88/88 110/110/110
f 88/88/88 108/108/108 90/90/90
f 106/106/106 90/90/90 108/108/108
f 90/90/90 106/106/106 92/92/92
f 639/639/639 706/706/706 636/636/636
f 706/706/706 639/639/639 708/708/708
f 641/641/641 708/708/708 639/639/639
f 708/708/708 641/641/641 710/710/710
f 643/643/643 710/710/710 641/641/641
f 705/705/705 718/718/718 703/703/703
f 713/713/713 703/703/703 718/718/718
f 718/718/718 705/705/705 720/720/720
f 707/707/707 720/720/720 705/705/705
f 720/720/720 707/707/707 722/722/722
f 709/709/709 722/722/722 707/707/707
f 722/722/722 709/709/709 724/724/724
f 711/711/711 724/724/724 709/709/709
f 717/717/717 784/784/784 715/715/715
f 784/784/784 717/717/717 786/786/786
f 719/719/719 786/786/786 717/717/717
f 786/786/786 719/719/719 788/788/788
f 721/721/721 788/788/788 719/719/719
f 844/844/844 102/102/102 171/171/171
f 100/100/100 171/171/171 102/102/102
f 171/171/171 100/100/100 169/169/169
f 99/99/99 169/169/169 100/100/100
f 169/169/169 99/99/99 167/167/167
f 103/103/103 167/167/167 99/99/99
f 167/167/167 103/103/103 165/165/165
f 105/105/105 165/165/165 103/103/103
f 165/165/165 105/105/105 163/163/163
f 107/107/107 163/163/163 105/105/105
f 163/163/163 107/107/107 161/161/161
f 109/109/109 161/161/161 107/107/107
f 161/161/161 109/109/109 159/159/159
f 111/111/111 159/159/159 109/109/109
f 159/159/159 111/111/111 157/157/157
f 113/113/113 157/157/157 111/111/111
f 157/157/157 113/113/113 155/155/155
f 115/115/115 155/155/155 113/113/113
f 155/155/155 115/115/115 153/153/153
f 117/117/117 153/153/153 115/115/115
f 153/153/153 117/117/117 151/151/151
f 119/119/119 151/151/151 117/117/117
f 151/151/151 119/119/119 149/149/149
f 121/121/121 149/149/149 119/119/119
f 149/149/149 121/121/121 147/147/147
f 123/123/123 147/147/147 121/121/121
f 147/147/147 123/123/123 145/145/145
f 125/125/125 145/145/145 123/123/123
f 145/145/145 125/125/125 143/143/143
f 127/127/127 143/143/143 125/125/125
f 143/143/143 127/127/127 136/136/136
f 101/101/101 845/845/845 98/98/98
f 96/96/96 98/98/98 845/845/845
f 847/847/847 846/846/846 95/95/95
f 42/42/42 95/95/95 846/846/846
f 95/95/95 42/42/42 93/93/93
f 40/40/40 93/93/93 42/42/42
f 93/93/93 40/40/40 91/91/91
f 39/39/39 91/91/91 40/40/40
f 91/91/91 39/39/39 89/89/89
f 43/43/43 89/89/89 39/39/39
f 89/89/89 43/43/43 87/87/87
f 44/44/44 87/87/87 43/43/43
f 87/87/87 44/44/44 85/85/85
f 45/45/45 85/85/85 44/44/44
f 85/85/85 45/45/45 83/83/83
f 46/46/46 83/83/83 45/45/45
f 83/83/83 46/46/46 81/81/81
f 47/47/47 81/81/81 46/46/46
f 81/81/81 47/47/47 79/79/79
f 48/48/48 79/79/79 47/47/47
f 79/79/79 48/48/48 77/77/77
f 49/49/49 77/77/77 48/48/48
f 77/77/77 49/49/49 75/75/75
f 50/50/50 75/75/75 49/49/49
f 75/75/75 50/50/50 73/73/73
f 51/51/51 73/73/73 50/50/50
f 73/73/73 51/51/51 71/71/71
f 52/52/52 71/71/71 51/51/51
f 71/71/71 52/52/52 69/69/69
f 53/53/53 69/69/69 52/52/52
f 69/69/69 53/53/53 67/67/67
f 54/54/54 67/67/67 53/53/53
f 67/67/67 54/54/54 60/60/60
f 672/672/672 676/676/676 848/848/848
f 849/849/849 848/848/848 676/676/676
f 750/750/750 752/752/752 850/850/850
f 755/755/755 850/850/850 752/752/752
f 754/754/754 823/823/823 756/756/756
f 825/825/825 756/756/756 823/823/823
f 823/823/823 754/754/754 821/821/821
f 753/753/753 821/821/821 754/754/754
f 821/821/821 753/753/753 819/819/819
f 757/757/757 819/819/819 753/753/753
f 819/819/819 757/757/757 817/817/817
f 759/759/759 817/817/817 757/757/757
f 817/817/817 759/759/759 815/815/815
f 761/761/761 815/815/815 759/759/759
f 815/815/815 761/761/761 813/813/813
f 763/763/763 813/813/813 761/761/761
f 813/813/813 763/763/763 811/811/811
f 765/765/765 811/811/811 763/763/763
f 811/811/811 765/765/765 809/809/809
f 767/767/767 809/809/809 765/765/765
f 809/809/809 767/767/767 807/807/807
f 769/769/769 807/807/807 767/767/767
f 807/807/807 769/769/769 805/805/805
f 771/771/771 805/805/805 769/769/769
f 805/805/805 771/771/771 803/803/803
f 773/773/773 803/803/803 771/771/771
f 803/803/803 773/773/773 801/801/801
f 775/775/775 801/801/801 773/773/773
f 801/801/801 775/775/775 799/799/799
f 777/777/777 799/799/799 775/775/775
f 799/799/799 777/777/777 790/790/790
f 852/852/852 175/175/175 851/851/851
f 177/177/177 851/851/851 175/175/175
f 851/851/851 177/177/177 853/853/853
f 179/179/179 853/853/853 177/177/177
f 179/179/179 181/181/181 853/853/853
f 854/854/854 853/853/853 181/181/181
f 181/181/181 183/183/183 854/854/854
f 855/855/855 854/854/854 183/183/183
f 183/183/183 185/185/185 855/855/855
f 856/856/856 855/855/855 185/185/185
f 185/185/185 187/187/187 856/856/856
f 857/857/857 856/856/856 187/187/187
f 187/187/187 189/189/189 857/857/857
f 858/858/858 857/857/857 189/189/189
f 189/189/189 191/191/191 858/858/858
f 859/859/859 858/858/858 191/191/191
f 859/859/859 191/191/191 860/860/860
f 193/193/193 860/860/860 191/191/191
f 860/860/860 193/193/193 861/861/861
f 195/195/195 861/861/861 193/193/193
f 861/861/861 195/195/195 862/862/862
f 197/197/197 862/862/862 195/195/195
f 862/862/862 197/197/197 863/863/863
f 199/199/199 863/863/863 197/197/197
f 863/863/863 199/199/199 864/864/864
f 201/201/201 864/864/864 199/199/199
f 864/864/864 201/201/201 212/212/212
f 858/858/858 238/238/238 857/857/857
f 238/238/238 858/858/858 236/236/236
f 859/859/859 236/236/236 858/858/858
f 859/859/859 860/860/860 236/236/236
f 234/234/234 236/236/236 860/860/860
f 860/860/860 861/861/861 234/234/234
f 232/232/232 234/234/234 861/861/861
f 861/861/861 862/862/862 232/232/232
f 230/230/230 232/232/232 862/862/862
f 862/862/862 863/863/863 230/230/230
f 228/228/228 230/230/230 863/863/863
f 863/863/863 864/864/864 228/228/228
f 226/226/226 228/228/228 864/864/864
f 864/864/864 212/212/212 226/226/226
f 217/217/217 226/226/226 212/212/212
f 240/240/240 857/857/857 238/238/238
f 857/857/857 240/240/240 856/856/856
f 242/242/242 856/856/856 240/240/240
f 856/856/856 242/242/242 855/855/855
f 244/244/244 855/855/855 242/242/242
f 855/855/855 244/244/244 854/854/854
f 246/246/246 854/854/854 244/244/244
f 854/854/854 246/246/246 853/853/853
f 248/248/248 853/853/853 246/246/246
f 248/248/248 250/250/250 853/853/853
f 851/851/851 853/853/853 250/250/250
f 250/250/250 252/252/252 851/851/851
f 852/852/852 851/851/851 252/252/252
f 679/679/679 745/745/745 677/677/677
f 745/745/745 679/679/679 743/743/743
f 681/681/681 743/743/743 679/679/679
f 743/743/743 681/681/681 741/741/741
f 683/683/683 741/741/741 681/681/681
f 741/741/741 683/683/683 739/739/739
f 685/685/685 739/739/739 683/683/683
f 739/739/739 685/685/685 737/737/737
f 687/687/687 737/737/737 685/685/685
f 737/737/737 687/687/687 735/735/735
f 689/689/689 735/735/735 687/687/687
f 735/735/735 689/689/689 733/733/733
f 691/691/691 733/733/733 689/689/689
f 733/733/733 691/691/691 731/731/731
f 693/693/693 731/731/731 691/691/691
f 731/731/731 693/693/693 729/729/729
f 695/695/695 729/729/729 693/693/693
f 729/729/729 695/695/695 727/727/727
f 697/697/697 727/727/727 695/695/695
f 727/727/727 697/697/697 725/725/725
f 699/699/699 725/725/725 697/697/697
f 725/725/725 699/699/699 714/714/714
f 701/701/701 714/714/714 699/699/699
f 180/180/180 166/166/166 182/182/182
f 164/164/164 182/182/182 166/166/166
f 182/182/182 164/164/164 184/184/184
f 162/162/162 184/184/184 164/164/164
f 184/184/184 162/162/162 186/186/186
f 160/160/160 186/186/186 162/162/162
f 186/186/186 160/160/160 188/188/188
f 158/158/158 188/188/188 160/160/160
f 188/188/188 158/158/158 190/190/190
f 156/156/156 190/190/190 158/158/158
f 190/190/190 156/156/156 192/192/192
f 154/154/154 192/192/192 156/156/156
f 192/192/192 154/154/154 194/194/194
f 152/152/152 194/194/194 154/154/154
f 194/194/194 152/152/152 196/196/196
f 150/150/150 196/196/196 152/152/152
f 196/196/196 150/150/150 198/198/198
f 148/148/148 198/198/198 150/150/150
f 198/198/198 148/148/148 200/200/200
f 146/146/146 200/200/200 148/148/148
f 200/200/200 146/146/146 202/202/202
f 144/144/144 202/202/202 146/146/146
f 202/202/202 144/144/144 204/204/204
f 138/138/138 204/204/204 144/144/144
f 666/666/666 682/682/682 668/668/668
f 682/682/682 666/666/666 684/684/684
f 664/664/664 684/684/684 666/666/666
f 684/684/684 664/664/664 686/686/686
f 662/662/662 686/686/686 664/664/664
f 686/686/686 662/662/662 688/688/688
f 660/660/660 688/688/688 662/662/662
f 688/688/688 660/660/660 690/690/690
f 658/658/658 690/690/690 660/660/660
f 690/690/690 658/658/658 692/692/692
f 656/656/656 692/692/692 658/658/658
f 692/692/692 656/656/656 694/694/694
f 654/654/654 694/694/694 656/656/656
f 694/694/694 654/654/654 696/696/696
f 652/652/652 696/696/696 654/654/654
f 696/696/696 652/652/652 698/698/698
f 650/650/650 698/698/698 652/652/652
f 698/698/698 650/650/650 700/700/700
f 648/648/648 700/700/700 650/650/650
f 700/700/700 648/648/648 702/702/702
f 638/638/638 702/702/702 648/648/648
f 744/744/744 760/760/760 746/746/746
f 758/758/758 746/746/746 760/760/760
f 760/760/760 744/744/744 762/762/762
f 742/742/742 762/762/762 744/744/744
f 762/762/762 742/742/742 764/764/764
f 740/740/740 764/764/764 742/742/742
f 764/764/764 740/740/740 766/766/766
f 738/738/738 766/766/766 740/740/740
f 766/766/766 738/738/738 768/768/768
f 736/736/736 768/768/768 738/738/738
f 768/768/768 736/736/736 770/770/770
f 734/734/734 770/770/770 736/736/736
f 770/770/770 734/734/734 772/772/772
f 732/732/732 772/772/772 734/734/734
f 772/772/772 732/732/732 774/774/774
f 730/730/730 774/774/774 732/732/732
f 774/774/774 730/730/730 776/776/776
f 728/728/728 776/776/776 730/730/730
f 776/776/776 728/728/728 778/778/778
f 726/726/726 778/778/778 728/728/728
f 778/778/778 726/726/726 780/780/780
f 716/716/716 780/780/780 726/726/726
f 867/867/867 866/866/866 865/865/865
f 404/404/404 406/406/406 422/422/422
f 422/422/422 868/868/868 404/404/404
f 402/402/402 404/404/404 868/868/868
f 868/868/868 869/869/869 402/402/402
f 400/400/400 402/402/402 869/869/869
f 869/869/869 870/870/870 400/400/400
f 397/397/397 400/400/400 870/870/870
f 870/870/870 396/396/396 397/397/397
f 868/868/868 422/422/422 348/348/348
f 346/346/346 348/348/348 422/422/422
f 422/422/422 421/421/421 346/346/346
f 344/344/344 346/346/346 421/421/421
f 421/421/421 420/420/420 344/344/344
f 342/342/342 344/344/344 420/420/420
f 420/420/420 419/419/419 342/342/342
f 340/340/340 342/342/342 419/419/419
f 419/419/419 415/415/415 340/340/340
f 338/338/338 340/340/340 415/415/415
f 415/415/415 416/416/416 338/338/338
f 336/336/336 338/338/338 416/416/416
f 416/416/416 418/418/418 336/336/336
f 335/335/335 336/336/336 418/418/418
f 418/418/418 871/871/871 335/335/335
f 872/872/872 335/335/335 871/871/871
f 348/348/348 350/350/350 868/868/868
f 869/869/869 868/868/868 350/350/350
f 350/350/350 352/352/352 869/869/869
f 870/870/870 869/869/869 352/352/352
f 352/352/352 354/354/354 870/870/870
f 396/396/396 870/870/870 354/354/354
f 354/354/354 356/356/356 396/396/396
f 395/395/395 396/396/396 356/356/356
f 356/356/356 358/358/358 395/395/395
f 873/873/873 395/395/395 358/358/358
f 395/395/395 873/873/873 390/390/390
f 388/388/388 390/390/390 873/873/873
f 873/873/873 874/874/874 388/388/388
f 386/386/386 388/388/388 874/874/874
f 874/874/874 875/875/875 386/386/386
f 384/384/384 386/386/386 875/875/875
f 875/875/875 371/371/371 384/384/384
f 874/874/874 873/873/873 360/360/360
f 358/358/358 360/360/360 873/873/873
f 875/875/875 874/874/874 362/362/362
f 360/360/360 362/362/362 874/874/874
f 371/371/371 875/875/875 364/364/364
f 362/362/362 364/364/364 875/875/875
f 427/427/427 424/424/424 409/409/409
f 409/409/409 407/407/407 427/427/427
f 429/429/429 427/427/427 407/407/407
f 407/407/407 405/405/405 429/429/429
f 431/431/431 429/429/429 405/405/405
f 405/405/405 403/403/403 431/431/431
f 433/433/433 431/431/431 403/403/403
f 403/403/403 401/401/401 433/433/433
f 435/435/435 433/433/433 401/401/401
f 401/401/401 399/399/399 435/435/435
f 437/437/437 435/435/435 399/399/399
f 399/399/399 398/398/398 437/437/437
f 439/439/439 437/437/437 398/398/398
f 398/398/398 391/391/391 439/439/439
f 441/441/441 439/439/439 391/391/391
f 391/391/391 389/389/389 441/441/441
f 443/443/443 441/441/441 389/389/389
f 389/389/389 387/387/387 443/443/443
f 445/445/445 443/443/443 387/387/387
f 387/387/387 385/385/385 445/445/445
f 447/447/447 445/445/445 385/385/385
f 385/385/385 383/383/383 447/447/447
f 449/449/449 447/447/447 383/383/383
f 383/383/383 375/375/375 449/449/449
f 463/463/463 464/464/464 526/526/526
f 528/528/528 526/526/526 464/464/464
f 464/464/464 466/466/466 528/528/528
f 530/530/530 528/528/528 466/466/466
f 466/466/466 468/468/468 530/530/530
f 532/532/532 530/530/530 468/468/468
f 468/468/468 470/470/470 532/532/532
f 534/534/534 532/532/532 470/470/470
f 526/526/526 524/524/524 463/463/463
f 471/471/471 463/463/463 524/524/524
f 524/524/524 522/522/522 471/471/471
f 473/473/473 471/471/471 522/522/522
f 522/522/522 520/520/520 473/473/473
f 475/475/475 473/473/473 520/520/520
f 520/520/520 518/518/518 475/475/475
f 477/477/477 475/475/475 518/518/518
f 518/518/518 516/516/516 477/477/477
f 479/479/479 477/477/477 516/516/516
f 516/516/516 514/514/514 479/479/479
f 481/481/481 479/479/479 514/514/514
f 514/514/514 512/512/512 481/481/481
f 483/483/483 481/481/481 512/512/512
f 512/512/512 510/510/510 483/483/483
f 485/485/485 483/483/483 510/510/510
f 510/510/510 508/508/508 485/485/485
f 487/487/487 485/485/485 508/508/508
f 508/508/508 506/506/506 487/487/487
f 489/489/489 487/487/487 506/506/506
f 506/506/506 504/504/504 489/489/489
f 491/491/491 489/489/489 504/504/504
f 289/289/289 287/287/287 222/222/222
f 220/220/220 222/222/222 287/287/287
f 222/222/222 224/224/224 289/289/289
f 291/291/291 289/289/289 224/224/224
f 367/367/367 365/365/365 298/298/298
f 296/296/296 298/298/298 365/365/365
f 394/394/394 372/372/372 368/368/368
f 876/876/876 223/223/223 215/215/215
f 324/324/324 326/326/326 260/260/260
f 258/258/258 260/260/260 326/326/326
f 260/260/260 262/262/262 324/324/324
f 322/322/322 324/324/324 262/262/262
f 262/262/262 264/264/264 322/322/322
f 320/320/320 322/322/322 264/264/264
f 264/264/264 266/266/266 320/320/320
f 318/318/318 320/320/320 266/266/266
f 266/266/266 268/268/268 318/318/318
f 316/316/316 318/318/318 268/268/268
f 268/268/268 270/270/270 316/316/316
f 314/314/314 316/316/316 270/270/270
f 270/270/270 272/272/272 314/314/314
f 312/312/312 314/314/314 272/272/272
f 272/272/272 274/274/274 312/312/312
f 310/310/310 312/312/312 274/274/274
f 274/274/274 276/276/276 310/310/310
f 308/308/308 310/310/310 276/276/276
f 276/276/276 278/278/278 308/308/308
f 306/306/306 308/308/308 278/278/278
f 278/278/278 280/280/280 306/306/306
f 304/304/304 306/306/306 280/280/280
f 280/280/280 282/282/282 304/304/304
f 302/302/302 304/304/304 282/282/282
f 282/282/282 284/284/284 302/302/302
f 300/300/300 302/302/302 284/284/284
f 284/284/284 286/286/286 300/300/300
f 293/293/293 300/300/300 286/286/286
f 337/337/337 334/334/334 323/323/323
f 323/323/323 321/321/321 337/337/337
f 339/339/339 337/337/337 321/321/321
f 321/321/321 319/319/319 339/339/339
f 341/341/341 339/339/339 319/319/319
f 319/319/319 317/317/317 341/341/341
f 343/343/343 341/341/341 317/317/317
f 317/317/317 315/315/315 343/343/343
f 345/345/345 343/343/343 315/315/315
f 315/315/315 313/313/313 345/345/345
f 347/347/347 345/345/345 313/313/313
f 313/313/313 311/311/311 347/347/347
f 349/349/349 347/347/347 311/311/311
f 311/311/311 309/309/309 349/349/349
f 351/351/351 349/349/349 309/309/309
f 309/309/309 307/307/307 351/351/351
f 353/353/353 351/351/351 307/307/307
f 307/307/307 305/305/305 353/353/353
f 355/355/355 353/353/353 305/305/305
f 305/305/305 303/303/303 355/355/355
f 357/357/357 355/355/355 303/303/303
f 303/303/303 301/301/301 357/357/357
f 359/359/359 357/357/357 301/301/301
f 301/301/301 299/299/299 359/359/359
f 361/361/361 359/359/359 299/299/299
f 299/299/299 295/295/295 361/361/361
f 502/502/502 503/503/503 575/575/575
f 573/573/573 575/575/575 503/503/503
f 503/503/503 505/505/505 573/573/573
f 571/571/571 573/573/573 505/505/505
f 505/505/505 507/507/507 571/571/571
f 569/569/569 571/571/571 507/507/507
f 507/507/507 509/509/509 569/569/569
f 567/567/567 569/569/569 509/509/509
f 509/509/509 511/511/511 567/567/567
f 565/565/565 567/567/567 511/511/511
f 511/511/511 513/513/513 565/565/565
f 563/563/563 565/565/565 513/513/513
f 513/513/513 515/515/515 563/563/563
f 561/561/561 563/563/563 515/515/515
f 515/515/515 517/517/517 561/561/561
f 559/559/559 561/561/561 517/517/517
f 517/517/517 519/519/519 559/559/559
f 557/557/557 559/559/559 519/519/519
f 519/519/519 521/521/521 557/557/557
f 555/555/555 557/557/557 521/521/521
f 521/521/521 523/523/523 555/555/555
f 553/553/553 555/555/555 523/523/523
f 523/523/523 525/525/525 553/553/553
f 551/551/551 553/553/553 525/525/525
f 525/525/525 527/527/527 551/551/551
f 538/538/538 551/551/551 527/527/527
f 426/426/426 428/428/428 496/496/496
f 494/494/494 496/496/496 428/428/428
f 428/428/428 430/430/430 494/494/494
f 492/492/492 494/494/494 430/430/430
f 430/430/430 432/432/432 492/492/492
f 490/490/490 492/492/492 432/432/432
f 432/432/432 434/434/434 490/490/490
f 488/488/488 490/490/490 434/434/434
f 434/434/434 436/436/436 488/488/488
f 486/486/486 488/488/488 436/436/436
f 436/436/436 438/438/438 486/486/486
f 484/484/484 486/486/486 438/438/438
f 438/438/438 440/440/440 484/484/484
f 482/482/482 484/484/484 440/440/440
f 440/440/440 442/442/442 482/482/482
f 480/480/480 482/482/482 442/442/442
f 442/442/442 444/444/444 480/480/480
f 478/478/478 480/480/480 444/444/444
f 444/444/444 446/446/446 478/478/478
f 476/476/476 478/478/478 446/446/446
f 446/446/446 448/448/448 476/476/476
f 474/474/474 476/476/476 448/448/448
f 448/448/448 450/450/450 474/474/474
f 472/472/472 474/474/474 450/450/450
f 450/450/450 452/452/452 472/472/472
f 461/461/461 472/472/472 452/452/452
f 263/263/263 261/261/261 245/245/245
f 247/247/247 245/245/245 261/261/261
f 245/245/245 243/243/243 263/263/263
f 265/265/265 263/263/263 243/243/243
f 243/243/243 241/241/241 265/265/265
f 267/267/267 265/265/265 241/241/241
f 241/241/241 239/239/239 267/267/267
f 269/269/269 267/267/267 239/239/239
f 239/239/239 237/237/237 269/269/269
f 271/271/271 269/269/269 237/237/237
f 237/237/237 235/235/235 271/271/271
f 273/273/273 271/271/271 235/235/235
f 235/235/235 233/233/233 273/273/273
f 275/275/275 273/273/273 233/233/233
f 233/233/233 231/231/231 275/275/275
f 277/277/277 275/275/275 231/231/231
f 231/231/231 229/229/229 277/277/277
f 279/279/279 277/277/277 229/229/229
f 229/229/229 227/227/227 279/279/279
f 281/281/281 279/279/279 227/227/227
f 227/227/227 225/225/225 281/281/281
f 283/283/283 281/281/281 225/225/225
f 225/225/225 219/219/219 283/283/283
f 584/584/584 582/582/582 568/568/568
f 568/568/568 566/566/566 584/584/584
f 586/586/586 584/584/584 566/566/566
f 566/566/566 564/564/564 586/586/586
f 588/588/588 586/586/586 564/564/564
f 564/564/564 562/562/562 588/588/588
f 590/590/590 588/588/588 562/562/562
f 562/562/562 560/560/560 590/590/590
f 592/592/592 590/590/590 560/560/560
f 560/560/560 558/558/558 592/592/592
f 594/594/594 592/592/592 558/558/558
f 558/558/558 556/556/556 594/594/594
f 596/596/596 594/594/594 556/556/556
f 556/556/556 554/554/554 596/596/596
f 598/598/598 596/596/596 554/554/554
f 554/554/554 552/552/552 598/598/598
f 600/600/600 598/598/598 552/552/552
f 552/552/552 550/550/550 600/600/600
f 602/602/602 600/600/600 550/550/550
f 550/550/550 540/540/540 602/602/602
f 604/604/604 602/602/602 540/540/540
